gazda_id,oaspete_id,diff_forma_puncte,diff_suturi_pe_poarta,diff_pozitie_clasament,diff_goluri_marcate,diff_goluri_primite,rezultat
28,22,3,2.5,-3,0.5,-2.5,1
24,9,1,0.5,-6,0.5,-1.5,1
1,13,0,-0.20000000000000018,9,0.19999999999999996,1.2999999999999998,2
14,7,3,6.0,-9,1.5,-1.0,1
10,4,3,2.5,-7,2.0,-0.5,2
16,11,-1,1.7000000000000002,2,0.19999999999999996,0.5,0
12,2,-2,0.5,10,0.0,1.5,0
26,18,-1,-1.5,-2,0.0,0.5,0
9,1,1,2.3,-1,0.8,-1.0,1
4,16,0,-1.0,-2,-0.7,-0.19999999999999996,1
22,24,1,3.0,1,0.9999999999999998,1.0,2
2,10,1,-0.40000000000000036,-5,-1.4,-1.7,1
11,26,-1,1.2999999999999998,-3,1.0,0.8,0
7,28,-7,2.4000000000000004,13,-1.5999999999999999,0.30000000000000004,2
13,12,5,1.7000000000000002,-6,1.2,-0.7,2
18,14,0,-4.7,9,-0.5,-1.2999999999999998,2
16,10,0,-0.7999999999999998,2,-0.19999999999999996,-0.5,2
28,18,6,3.7,-12,1.0,-0.39999999999999997,2
26,4,-2,0.2999999999999998,5,0.0,0.7,1
1,22,-2,-0.7999999999999998,5,0.0,0.20000000000000018,1
24,7,1,0.7000000000000002,-10,-1.0,-1.0,1
12,9,5,1.7999999999999998,-4,1.8,-0.19999999999999996,0
13,2,-1,0.9000000000000004,5,-0.5,0.8,2
14,11,4,3.9000000000000004,-4,1.8,-0.30000000000000004,1
9,13,0,0.5,6,-0.10000000000000009,0.19999999999999996,1
18,24,-5,-3.3,7,-1.0,0.30000000000000004,1
10,26,-2,0.5,-1,0.30000000000000004,-0.10000000000000009,2
11,28,-7,0.0,8,-0.30000000000000004,0.8,2
22,12,2,2.0999999999999996,3,1.0,1.2,2
2,16,5,1.7000000000000002,-11,-0.3999999999999999,-1.3,2
4,14,0,-3.0,7,-1.0,-0.8,2
1,18,-2,0.20000000000000018,9,0.8,1.5,2
28,4,5,3.5999999999999996,-9,0.7,0.0,2
13,22,3,0.20000000000000018,-2,0.19999999999999996,-1.4,1
24,11,2,2.6,-8,0.0,-1.3,0
14,10,5,4.199999999999999,-7,1.9,-1.1,1
9,2,-3,0.40000000000000036,11,-0.10000000000000009,0.8999999999999999,2
12,7,3,2.2,-8,0.6000000000000001,0.0,1
26,16,-1,0.20000000000000018,-5,-0.5999999999999999,-0.5999999999999999,2
7,1,2,2.5,-1,0.2,-1.2999999999999998,0
22,9,5,2.0,-1,1.1,0.6000000000000001,0
7,13,-1,2.4000000000000004,7,-0.6,-0.5,1
18,12,-1,-1.4000000000000001,1,-0.30000000000000004,0.0,1
10,28,-11,-1.5,9,-0.30000000000000004,0.7999999999999999,0
11,1,4,0.5,-4,0.7,-0.8,2
2,26,-1,0.3999999999999999,-4,-0.5999999999999999,-0.4,2
4,24,-2,-2.0,3,-0.8,0.0,2
16,14,-5,-2.0999999999999996,6,-0.8,0.10000000000000009,2
13,18,-3,1.1999999999999997,5,0.3999999999999999,0.7999999999999999,0
9,7,4,0.19999999999999973,1,-0.19999999999999996,-0.6000000000000001,2
24,10,4,1.3999999999999995,-8,-0.19999999999999996,-1.4,0
14,26,4,4.3999999999999995,-5,2.2,-0.20000000000000007,1
22,2,-9,1.2000000000000002,11,0.0,2.4,2
1,4,-3,0.7999999999999998,6,1.0,1.4,0
28,16,0,1.9999999999999996,-7,-0.8,-0.6,1
10,1,1,-0.40000000000000036,-5,0.6,-0.6000000000000001,0
7,22,2,1.7999999999999998,-2,0.4,-2.2,1
16,24,-6,-2.4000000000000004,8,-0.6000000000000001,0.40000000000000013,2
4,12,-1,-1.6,2,-0.3999999999999999,0.3999999999999999,0
18,9,7,-1.2,-11,0.6,-1.0,1
11,13,1,1.0,3,0.0,-0.6000000000000001,1
2,14,-2,-1.2000000000000002,2,-1.2,-1.0,1
26,28,-8,-2.1999999999999997,5,-0.8,0.7999999999999999,2
1,16,-2,0.0,1,0.0,-0.20000000000000018,1
12,10,4,1.4,-4,0.6000000000000001,-0.40000000000000013,2
22,18,-5,0.20000000000000018,10,0.19999999999999996,1.7999999999999998,0
9,11,1,1.1999999999999997,4,-0.19999999999999996,-0.6000000000000001,0
13,4,-4,3.0,1,1.0,1.4000000000000001,2
24,26,-1,2.0,-5,0.19999999999999996,-0.3999999999999999,1
7,2,-6,1.6000000000000005,7,0.0,0.6000000000000001,2
28,14,0,0.0,-1,-0.6000000000000001,-1.0,2
4,9,2,1.6000000000000005,-10,0.20000000000000007,0.0,0
16,12,-7,-0.40000000000000036,7,-0.3999999999999999,1.7999999999999998,1
11,22,4,0.3999999999999999,-4,0.3999999999999999,-1.8,2
10,13,0,0.0,-5,-0.7999999999999999,-1.2,0
18,7,6,-2.0,-6,-0.19999999999999996,-1.2000000000000002,0
26,1,-1,-0.20000000000000018,-6,0.19999999999999996,0.20000000000000018,2
14,24,3,2.3999999999999995,-3,1.4,-0.4,0
2,28,-6,-1.8000000000000003,1,-0.19999999999999996,0.4,0
10,11,2,2.5,-6,1.5,-0.5,1
1,12,-1,0.0,9,0.5,0.5,0
22,28,-2,-3.0,5,-0.5,0.5,2
11,16,0,-2.2,8,-0.30000000000000004,0.5,0
13,1,0,0.8,1,-0.19999999999999996,-1.7000000000000002,2
7,14,1,-4.5,3,0.0,0.0,2
18,26,-2,-4.5,3,-0.5,0.0,2
4,10,1,-0.7999999999999998,5,0.0,0.0,2
2,12,1,4.8,-7,1.3,0.30000000000000004,1
24,22,3,0.7000000000000002,-5,1.0,-0.7,0
1,9,-5,5.7,7,-0.30000000000000004,0.30000000000000004,2
28,7,-3,-1.0,1,-0.30000000000000004,-0.6000000000000001,1
26,11,0,-1.3,-8,0.0,0.0,0
16,4,3,1.7000000000000002,-2,0.7,0.19999999999999996,1
14,18,8,3.7,-11,1.7000000000000002,-1.3,2
12,13,4,4.4,-6,1.2999999999999998,0.0,2
10,2,-3,1.4000000000000004,2,0.0,0.0,1
9,12,-1,0.2999999999999998,-6,-0.30000000000000004,-0.5,1
4,26,-5,-4.8,2,-0.8,1.2,0
7,24,1,-0.7999999999999998,-4,-0.8,-0.5,0
22,1,-4,-0.5,3,-0.8999999999999999,-0.20000000000000018,2
18,28,-1,-2.3,5,-1.0,0.6000000000000001,0
11,14,-3,-5.2,11,-0.19999999999999996,1.1,1
10,16,7,2.2,-5,0.8,-0.8,1
2,13,3,2.5,-14,1.0,-0.5,0
9,24,2,0.7000000000000002,-9,-0.30000000000000004,-0.7,0
13,9,-9,0.7999999999999998,12,-0.8,1.2,2
28,11,4,0.40000000000000036,-9,0.30000000000000004,-0.5,1
24,18,1,0.7999999999999998,-2,1.2000000000000002,0.30000000000000004,0
14,4,5,5.5,-5,1.3,0.10000000000000009,1
16,2,1,-1.5,3,0.0,-0.30000000000000004,2
1,7,-4,4.0,3,-0.10000000000000009,0.10000000000000009,1
26,10,-4,-2.3,3,-1.2,-0.30000000000000004,0
7,12,1,0.20000000000000018,-2,-0.09999999999999998,-0.19999999999999996,2
16,26,0,-2.4,1,-0.6000000000000001,0.09999999999999998,2
18,1,-2,0.10000000000000009,3,-1.1,-1.2000000000000002,0
4,28,-1,-4.0,8,0.0,0.8999999999999999,1
11,24,1,0.10000000000000009,2,-0.19999999999999996,0.3999999999999999,2
10,14,7,-0.40000000000000036,-2,1.0,-0.20000000000000007,2
22,13,-5,0.2999999999999998,1,0.0,1.0000000000000002,2
2,9,-5,3.2,-1,0.10000000000000009,0.4,1
24,4,2,2.1,-3,1.3,0.5999999999999999,2
12,18,0,3.4000000000000004,-1,1.0,0.6000000000000001,0
28,10,2,0.20000000000000018,3,-0.3999999999999999,-0.6,1
26,2,-9,-3.3999999999999995,4,-0.9999999999999999,0.20000000000000007,2
1,11,3,4.0,-6,0.6,0.0,1
14,16,10,3.7,-9,0.8,-0.9,1
9,22,4,0.5999999999999996,-12,-0.7,-1.7000000000000002,1
13,7,-5,0.3999999999999999,1,-0.09999999999999998,0.10000000000000009,0
16,28,1,-2.1999999999999997,6,0.0,0.4,2
18,13,-2,0.20000000000000018,-2,-0.6,0.19999999999999996,2
11,12,0,-0.8000000000000003,5,-0.6000000000000001,0.3999999999999999,0
26,14,-6,-4.4,4,-0.6,0.4,2
4,1,-1,-0.40000000000000036,1,-0.6000000000000001,-0.6000000000000001,2
2,22,9,3.0,-15,0.8000000000000003,-1.6,1
10,24,5,2.6,-5,0.6000000000000001,-0.19999999999999996,2
7,9,-6,-0.6000000000000001,11,-0.7999999999999999,0.20000000000000018,2
28,26,-2,-1.3999999999999995,-4,-0.8,-0.19999999999999996,1
12,4,-1,4.4,1,1.0,1.0,0
1,10,1,2.6,1,0.19999999999999996,0.0,0
13,11,0,-0.3999999999999999,-4,0.19999999999999996,0.3999999999999999,1
14,2,0,-0.40000000000000036,1,0.0,0.0,1
9,18,3,2.2,-10,0.19999999999999996,-0.20000000000000007,0
22,7,-4,-0.8000000000000003,2,0.19999999999999996,0.6000000000000001,1
24,16,4,-0.40000000000000036,-6,1.0,0.0,0
18,22,4,1.7999999999999998,-3,-0.6,-1.5999999999999999,1
16,1,-7,-0.7999999999999998,6,-1.2000000000000002,0.19999999999999996,0
11,9,-4,-0.3999999999999999,12,-0.3999999999999999,-0.5999999999999999,1
10,12,4,1.7999999999999998,-6,-0.19999999999999996,0.3999999999999999,1
26,24,-7,-0.8,1,-1.4000000000000001,-0.3999999999999999,1
14,28,4,1.7999999999999998,-2,0.40000000000000013,0.0,0
4,13,-7,-0.5999999999999996,-1,-0.3999999999999999,0.7999999999999999,1
2,7,7,4.6,-13,2.0,-0.6,1
12,22,3,3.1999999999999997,-4,0.0,-1.4,2
1,26,-2,2.2,-1,-0.40000000000000013,0.0,0
13,10,0,0.0,5,-0.19999999999999996,0.0,0
9,4,4,1.9999999999999998,-5,0.6,0.0,1
7,18,-3,1.6,4,-0.20000000000000007,1.2000000000000002,2
24,14,-6,-3.6,8,0.3999999999999999,1.2,0
28,2,4,0.0,3,0.3999999999999999,-0.8,0
22,11,2,0.0,2,0.4,0.8,1
12,16,1,0.40000000000000036,-1,0.19999999999999996,0.0,2
26,12,1,-0.20000000000000018,-6,-0.6,-0.20000000000000007,1
1,7,7,2.5999999999999996,-10,0.8,-0.3999999999999999,0
4,11,6,-1.8,-7,0.6,-0.19999999999999996,1
16,13,-6,-0.3999999999999999,-1,-0.4,0.8,0
28,24,5,1.8000000000000003,-6,0.0,-1.0,0
9,22,7,2.4000000000000004,-13,0.20000000000000018,-1.5999999999999999,0
2,18,4,4.6000000000000005,-9,1.2,-0.39999999999999997,1
14,10,4,2.4000000000000004,-3,0.0,-0.8,1
11,1,-3,0.3999999999999999,9,-0.20000000000000018,0.0,2
12,16,-3,1.0000000000000004,2,-0.6,0.19999999999999996,1
7,26,-7,-0.8000000000000003,9,-0.7999999999999999,1.4000000000000001,2
9,4,5,1.7999999999999998,-5,0.9999999999999999,-0.19999999999999996,2
10,28,1,-0.8000000000000007,3,0.19999999999999996,1.0,0
24,2,-3,-1.4,8,0.4,0.19999999999999996,2
22,13,-2,1.8000000000000003,2,0.0,1.2000000000000002,2
18,14,-5,-0.5999999999999996,8,-0.4,0.7999999999999999,2
26,11,7,-0.6000000000000001,-11,0.39999999999999997,-0.9999999999999999,2
16,7,0,0.0,-3,0.2,0.19999999999999996,1
1,9,0,1.2000000000000002,3,-0.19999999999999996,-1.6,2
2,28,7,3.1999999999999997,-3,2.0,-0.4,2
4,22,6,0.6000000000000001,-7,0.19999999999999996,-1.4,1
10,18,1,2.6,-5,0.0,0.0,1
14,24,5,3.0,-9,0.3999999999999999,-0.8,2
13,12,1,0.3999999999999999,-2,-0.19999999999999996,0.6,1
11,16,3,-0.20000000000000018,3,0.5999999999999999,0.19999999999999996,2
9,26,0,0.7999999999999998,-4,0.3999999999999999,0.0,1
4,1,1,-0.19999999999999973,-2,-0.40000000000000013,-0.6000000000000001,0
24,18,-2,-1.1999999999999997,-1,-0.7999999999999999,-0.8,1
2,10,9,4.0,-4,2.1999999999999997,-0.6,1
22,12,2,1.2000000000000002,2,-0.19999999999999996,0.6,2
7,13,-9,0.3999999999999999,5,-0.6,1.8000000000000003,1
28,14,1,-1.0,2,-0.3999999999999999,-0.4,1
16,9,-4,0.0,7,0.19999999999999996,-0.8,0
26,4,-1,1.4,3,0.0,-0.20000000000000007,2
10,24,-3,1.7999999999999998,-3,-0.19999999999999996,0.19999999999999996,1
1,22,2,2.0,-9,0.0,-1.2000000000000002,2
13,11,5,-0.8000000000000003,-4,0.4,-0.6,2
12,7,3,1.0,-2,0.19999999999999996,-0.3999999999999999,2
18,28,-3,0.0,9,-0.4,0.4,1
14,2,0,0.7999999999999998,1,0.7999999999999999,0.0,0
4,16,3,-0.5999999999999996,-4,0.0,-0.6000000000000001,0
1,26,-4,1.0,-2,-0.4,-0.5999999999999999,2
11,12,0,0.0,2,0.7999999999999999,1.0,0
22,7,2,1.8000000000000003,2,-0.19999999999999996,-0.19999999999999996,2
24,28,-3,-1.0,6,-0.4,0.20000000000000007,1
9,13,1,1.0,-8,1.0,0.0,1
18,2,-1,0.3999999999999999,11,0.20000000000000007,0.19999999999999996,2
10,14,0,0.6000000000000005,4,0.19999999999999996,0.4,2
16,1,-3,0.5999999999999999,1,0.19999999999999996,0.6,1
7,11,-3,1.7999999999999998,-1,0.4,1.4000000000000001,1
26,22,-1,1.0,-8,-0.4,-0.6,2
12,9,-3,1.0,11,-0.4,-1.0000000000000002,1
28,10,9,1.6,-2,0.4,-1.4,2
13,4,-2,1.2,6,0.0,0.0,0
2,24,5,2.8,-8,1.2000000000000002,-0.7999999999999999,2
14,18,4,2.0,-12,0.3999999999999999,-0.8,0
18,10,1,2.4000000000000004,8,-0.6,-0.6000000000000001,1
4,12,7,0.0,-7,0.6,-0.39999999999999997,2
22,11,0,3.2,1,0.19999999999999996,0.19999999999999996,2
1,13,-2,0.6000000000000001,-2,0.0,-0.3999999999999999,2
28,2,0,0.19999999999999973,3,0.6,-0.20000000000000007,2
26,16,-2,0.3999999999999999,1,-0.3999999999999999,0.0,1
9,7,3,1.2000000000000002,-11,1.0,-0.7999999999999999,2
24,14,-2,-0.39999999999999947,5,-0.3999999999999999,-0.20000000000000007,0
10,2,-1,1.3999999999999995,5,0.19999999999999996,0.7999999999999999,2
16,22,-1,0.0,-7,0.40000000000000013,-0.19999999999999996,1
13,26,1,-0.3999999999999999,2,-0.20000000000000007,-0.9999999999999999,0
12,1,-2,1.6,-1,-0.19999999999999996,0.6,1
11,9,-2,-0.8000000000000003,12,0.19999999999999996,-0.19999999999999996,1
7,4,-2,4.199999999999999,8,0.6,0.6,0
14,28,1,0.0,-2,0.6,0.19999999999999996,2
18,24,2,1.0,6,0.5999999999999999,0.3999999999999999,1
2,14,1,0.0,-1,-0.20000000000000018,-0.6,1
28,18,1,-0.3999999999999999,-8,-0.19999999999999996,-0.6000000000000001,0
24,10,4,2.6000000000000005,3,-0.40000000000000013,-1.4000000000000001,1
4,12,1,-0.20000000000000018,-5,0.0,0.19999999999999996,2
3,11,-9,-1.6,5,-0.6,-0.8,0
8,13,-7,-2.8,9,-1.0,-1.2,2
24,12,0,-0.1999999999999993,-3,-0.40000000000000013,0.0,1
11,3,7,2.6,-2,1.4,1.2,2
13,8,6,3.4,-12,0.4,0.4,1
10,14,0,-0.40000000000000036,6,-0.19999999999999996,0.0,0
24,18,11,0.5999999999999996,-7,0.7999999999999999,-1.2000000000000002,1
2,25,9,4.2,-17,1.6,0.6,1
16,3,8,-0.20000000000000018,-6,0.3999999999999999,0.19999999999999996,1
28,9,1,1.1999999999999997,1,0.4,-0.19999999999999996,1
26,15,6,3.0,-10,0.6,0.8,0
23,4,-8,-1.2,11,-0.6,-0.6,1
7,13,-2,-0.40000000000000036,6,-0.19999999999999996,-0.3999999999999999,1
9,26,-1,0.3999999999999999,-5,0.8,-0.19999999999999996,2
13,10,5,2.4000000000000004,-1,-0.3999999999999999,-2.0,2
18,2,-4,-0.8000000000000003,12,0.0,0.9999999999999999,2
15,16,-7,-1.6,11,-1.0,-0.8,1
14,28,-2,-0.40000000000000036,-1,0.3999999999999999,0.3999999999999999,1
25,7,-10,-3.8,10,-1.4,-1.4,1
16,9,9,1.1999999999999997,3,2.0,0.19999999999999996,0
13,25,5,2.0,-10,-1.2,-2.6,1
2,4,1,2.5999999999999996,-8,1.2000000000000002,0.8,1
3,4,2,-1.5,-7,0.0,-0.5,2
26,23,1,0.7999999999999998,-4,-0.19999999999999996,0.3,0
10,2,-3,-1.0,4,0.0,1.5,1
14,7,4,5.0,-1,1.5,-1.0,1
15,18,5,0.7000000000000002,-4,1.0,-2.0,1
28,24,5,0.20000000000000018,-8,1.2,-0.30000000000000004,0
13,3,-1,4.3,2,0.19999999999999996,-0.19999999999999996,1
23,16,3,1.0,-10,0.5,-0.5,2
4,15,3,2.5,6,1.0,0.0,1
25,14,1,-2.7,2,-0.19999999999999996,-1.5,2
18,9,-5,-1.5,5,-1.0,1.5,2
24,26,-2,0.2999999999999998,7,-0.30000000000000004,0.7,0
7,10,-4,0.2999999999999998,14,-0.30000000000000004,0.6000000000000001,2
2,28,3,-0.5,-7,1.5,-0.5,1
23,13,0,1.0,5,0.30000000000000004,-0.7,2
9,4,-1,-0.5999999999999996,-3,-0.39999999999999997,0.0,0
14,18,6,3.0999999999999996,-10,2.2,-2.0999999999999996,1
15,3,2,2.0999999999999996,-3,2.0,-1.5,1
10,25,3,1.2999999999999998,-11,0.30000000000000004,0.0,0
26,2,2,1.5,5,0.8,0.5,2
16,24,-2,-0.2999999999999998,1,-0.39999999999999997,0.30000000000000004,0
28,7,7,4.7,-6,1.5,-2.5,1
3,9,-6,-1.0,4,-1.4,0.7,0
4,14,3,-0.20000000000000018,4,0.8999999999999999,-0.8,2
7,26,-1,0.9000000000000004,6,0.30000000000000004,0.8,0
24,23,-5,-1.2999999999999998,2,-1.2,0.5,0
13,15,8,5.7,-3,1.9999999999999998,-1.0,1
2,16,6,3.7,-13,1.0,-1.0,1
25,28,-1,-4.7,6,-0.39999999999999997,-0.30000000000000004,2
18,10,-9,-2.5,12,-0.8,0.5,0
16,7,1,2.2,-1,0.2,-2.8,1
24,13,-3,0.6000000000000001,12,0.0,-0.10000000000000009,2
14,3,3,3.8000000000000003,-7,2.0,-0.6000000000000001,1
9,15,3,0.40000000000000013,-1,0.0,-0.7,1
26,25,4,1.9000000000000004,-5,0.3999999999999999,-0.19999999999999996,1
23,2,-6,1.0,9,0.0,1.0,1
10,4,2,1.5,-6,0.5,0.5,0
28,18,9,3.5999999999999996,-10,1.2000000000000002,-2.1999999999999997,1
25,16,-1,-1.4000000000000001,1,-0.8,-0.5,1
4,28,1,-2.7,6,0.19999999999999996,0.0,2
13,9,2,2.7,-3,0.8,0.2,2
3,10,-7,-1.9999999999999998,6,-1.2,-0.30000000000000004,0
7,23,-4,-1.4,7,-0.6000000000000001,0.6000000000000001,0
18,26,-3,-1.7999999999999998,9,-0.19999999999999996,0.19999999999999996,2
2,24,9,0.0,-12,1.5,-0.30000000000000004,1
10,15,7,2.9999999999999996,-3,0.4,-0.5999999999999999,2
28,3,9,6.4,-9,2.4,-1.8,1
2,13,6,1.4,-2,1.0,-0.9999999999999999,1
16,18,3,0.3999999999999999,-3,-0.20000000000000007,-2.2,0
24,7,3,3.5999999999999996,-1,0.6000000000000001,-2.0,1
14,9,0,3.4000000000000004,-1,1.6,0.8,1
26,4,4,1.1999999999999997,-3,0.7999999999999999,0.19999999999999996,2
23,25,2,1.6,-3,0.4,0.0,0
15,14,5,0.3999999999999999,5,1.9999999999999998,-1.0,2
4,16,4,0.19999999999999973,-5,0.19999999999999996,-0.8,2
9,10,-2,-1.4000000000000004,-1,-0.6,-0.20000000000000007,2
3,26,-3,-2.6,4,-0.9999999999999999,-0.20000000000000007,0
25,24,2,-2.8000000000000003,-1,0.19999999999999996,-0.19999999999999996,0
15,28,3,-0.5999999999999996,5,1.2000000000000002,-0.19999999999999996,1
7,2,-7,0.20000000000000018,14,0.20000000000000007,1.0,2
13,14,3,1.7999999999999998,3,0.8,-0.4,0
18,23,-7,-2.5999999999999996,7,-1.0,0.6000000000000001,2
18,24,-2,-1.6,2,0.20000000000000007,0.8,2
4,23,-5,-2.5999999999999996,1,-1.2,-0.3999999999999999,0
15,26,3,-0.1999999999999993,2,1.0000000000000002,0.0,0
25,2,-4,-0.7999999999999998,12,-0.19999999999999996,0.4,2
9,28,-2,-0.9999999999999996,5,-0.4,0.0,1
14,10,4,2.2,-2,1.8,0.0,1
3,16,0,-0.6000000000000001,-2,-0.4,-0.7999999999999999,1
13,7,10,3.4,-9,0.9999999999999999,-3.4,1
7,25,0,0.7999999999999998,2,0.6000000000000001,1.2,0
24,4,-2,2.8000000000000003,2,0.8,0.7999999999999999,0
26,9,-3,0.8000000000000003,2,-0.19999999999999996,0.6,2
23,3,3,3.0,-2,0.0,-2.0,0
10,13,-4,2.1999999999999997,1,-0.6,0.0,0
28,14,3,6.0,2,2.5999999999999996,-0.20000000000000007,2
16,15,1,0.19999999999999973,5,0.0,-0.19999999999999996,0
2,18,13,0.6000000000000001,-15,1.0,-2.8000000000000003,1
18,7,1,0.19999999999999996,1,0.0,-1.7999999999999998,1
4,2,-5,0.0,9,-0.3999999999999999,0.4,2
15,23,3,-1.6000000000000005,-1,-0.3999999999999999,-1.4,1
3,24,0,-2.5999999999999996,-1,-0.4,-0.4,2
25,13,-6,-1.5999999999999996,9,-0.6,0.3999999999999999,2
14,26,8,1.5999999999999996,-6,2.4,0.4,1
9,16,4,1.2000000000000002,-9,0.3999999999999999,-0.3999999999999999,2
10,28,0,2.1999999999999997,2,-0.4,-0.19999999999999996,0
25,18,3,-0.19999999999999973,-1,0.0,-1.8000000000000003,2
23,9,-5,3.2,4,-0.19999999999999996,0.4,1
26,10,-4,-0.7999999999999998,3,-0.6,0.0,0
13,28,3,0.40000000000000036,-1,0.0,-0.6,0
16,14,-7,0.6000000000000001,11,-0.19999999999999996,0.6,2
24,15,2,0.40000000000000036,4,0.5999999999999999,-0.19999999999999996,1
2,3,14,1.5999999999999996,-11,0.8,-2.8,1
7,4,-6,1.6,5,0.20000000000000007,1.6,1
18,13,-6,-1.0,12,-0.3999999999999999,1.2000000000000002,0
28,26,4,4.6000000000000005,-5,2.4000000000000004,0.3999999999999999,0
10,16,-2,3.0,-7,0.0,0.0,1
9,24,-1,-0.8000000000000003,-5,0.19999999999999996,0.6,0
14,23,9,0.6000000000000005,-6,1.0,-0.8,1
4,25,-2,0.19999999999999973,-3,0.2,0.6,2
3,7,6,0.3999999999999999,-4,-0.19999999999999996,-2.1999999999999997,1
15,2,-2,0.6000000000000001,6,-0.3999999999999999,0.0,2
13,26,2,-0.6000000000000001,-6,0.0,0.4,1
16,28,1,-1.4,9,-0.3999999999999999,-0.5999999999999999,0
23,10,2,1.7999999999999998,4,0.19999999999999996,-0.6,0
18,4,-2,0.0,3,0.19999999999999996,1.4000000000000001,2
2,9,8,2.0,-5,0.8,-0.6000000000000001,1
24,14,-5,1.0,8,0.40000000000000013,0.6,0
25,3,3,0.6000000000000001,2,0.0,-1.0,0
7,15,2,0.0,8,0.0,0.19999999999999996,2
25,26,4,-2.5,-3,1.5,0.5,0
7,16,-3,0.7,1,-0.19999999999999996,2.8,1
13,24,3,2.5,5,1.2,-0.5,1
3,14,-1,-1.0,9,-1.7,0.7,0
4,10,2,0.2999999999999998,9,-1.2,-1.7,0
2,23,0,1.2999999999999998,-4,0.2,-0.19999999999999996,1
15,9,5,4.0,-2,1.5,0.0,2
18,28,-3,-5.0,18,-2.5,3.5,2
26,18,4,4.3,-10,0.0,-1.7,1
28,4,4,-1.0,-9,-0.19999999999999996,-1.2,1
16,25,0,-1.5,5,-0.30000000000000004,-0.7999999999999998,2
24,2,1,2.5,5,0.5,-1.2,2
23,7,1,-0.2999999999999998,-2,0.7,-1.0,0
9,13,7,5.7,-6,1.3,-0.7,0
10,3,8,5.0,-5,2.3,-0.5,0
14,15,1,-0.7000000000000002,-3,-1.7999999999999998,0.7999999999999998,2
4,26,1,-1.9000000000000004,3,-0.19999999999999996,-0.19999999999999996,1
7,24,2,1.7999999999999998,2,1.2,1.5,2
25,23,5,0.7999999999999998,-6,1.2,0.0,1
18,16,-3,1.2999999999999998,7,0.5,2.5,1
3,28,0,-2.7,11,-2.0999999999999996,-0.8999999999999999,2
13,2,-1,-0.20000000000000018,3,0.0,-0.5,2
15,10,4,2.2,-1,0.19999999999999996,-0.7,1
9,14,3,2.3,-3,-1.2999999999999998,-0.09999999999999998,1
24,25,2,2.5,5,-0.10000000000000009,-0.8,1
26,3,5,3.5,-3,0.8,-0.09999999999999998,1
23,18,3,1.2000000000000002,-3,0.8,-1.0,1
16,4,-2,-3.0,5,-0.30000000000000004,0.7,2
2,7,3,3.2,-10,0.5,-1.1,1
14,13,2,4.6,-3,2.0,1.4000000000000001,1
10,9,6,3.2,7,1.1,-0.7,2
28,15,3,-4.5,-3,-2.5,-0.8,1
26,18,10,3.5999999999999996,-8,0.8,-1.4,1
28,9,6,-0.10000000000000009,-1,0.19999999999999996,-0.6000000000000001,1
4,25,3,0.5999999999999996,1,-1.0,-1.4,0
2,13,5,5.3,-8,1.8,0.0,1
24,3,7,5.6,-4,1.6,0.19999999999999996,1
23,7,4,1.4,-2,0.4,-1.4000000000000001,1
10,16,7,3.6000000000000005,-5,1.2000000000000002,-1.8000000000000003,1
14,15,1,-0.20000000000000018,3,-0.9999999999999998,0.8,1
10,26,7,-0.6000000000000005,2,1.9,-0.4,1
13,28,-2,-2.5,11,-1.7000000000000002,-0.3999999999999999,1
16,25,-4,-2.0,6,-0.7,1.3,2
18,23,1,-0.19999999999999973,4,0.3999999999999999,2.1,2
15,2,-2,0.20000000000000018,4,-0.19999999999999996,-0.19999999999999996,0
7,24,-1,1.6,5,0.5,1.6,0
9,14,6,0.9000000000000004,-2,-0.8,-0.3,2
3,4,0,-1.4,3,-0.8,0.19999999999999996,1
25,3,8,3.8000000000000003,-7,1.6,0.0,0
4,7,5,2.3999999999999995,-4,0.0,-2.0,2
26,16,13,3.8,-6,1.4000000000000001,-3.0,1
13,15,3,-1.4000000000000004,5,-0.40000000000000013,-0.3999999999999999,1
23,10,7,1.2000000000000002,5,0.3999999999999999,-1.0,1
14,28,1,0.39999999999999947,2,-1.1999999999999997,-0.40000000000000013,2
24,18,12,5.800000000000001,-6,2.0,-0.8,1
2,9,4,3.8,-2,1.2,-0.3999999999999999,1
18,4,-3,-1.6000000000000005,4,-0.3999999999999999,2.0,2
7,25,-3,-0.20000000000000018,7,0.0,1.5999999999999999,2
9,15,4,-0.1999999999999993,-3,-1.0,-0.6,2
26,23,8,2.3999999999999995,-4,1.2000000000000002,-1.0,2
10,24,5,1.0,4,0.8,-0.7999999999999999,2
28,2,2,-1.0000000000000004,-1,0.40000000000000013,-0.2,1
16,3,-1,-1.2,2,-0.19999999999999996,1.0,2
14,13,7,4.8,-7,1.0,-0.19999999999999996,1
4,10,4,2.8000000000000003,1,-0.20000000000000007,-1.2,2
3,7,1,-0.20000000000000018,-1,-0.4,-0.6000000000000001,1
24,26,9,3.0,-6,2.2,0.0,1
13,9,3,1.0,4,0.5999999999999999,-0.7999999999999999,2
15,28,-5,-2.4,6,-2.0,-0.6,2
25,18,11,2.9999999999999996,-10,1.8,-1.5999999999999999,1
2,14,3,1.0,-1,0.20000000000000018,-0.20000000000000007,2
23,16,11,3.9999999999999996,-6,1.8,-2.8,1
18,3,-2,-0.7999999999999998,5,0.0,1.6,2
16,7,-4,-1.0,1,-0.6,0.6000000000000001,2
26,4,6,0.20000000000000018,-1,0.40000000000000013,-0.4,1
23,24,5,3.0,3,2.0,-0.6,1
13,2,-1,-1.6000000000000005,8,0.0,0.0,2
10,25,-3,-2.4,3,-0.20000000000000018,0.0,1
9,28,-5,-1.4000000000000004,6,-1.5999999999999999,0.19999999999999996,2
15,14,-3,-3.2,8,-0.6000000000000001,0.0,2
24,16,12,6.2,-10,2.4,-3.8,1
4,23,-2,1.4,8,-0.6,0.0,0
7,18,4,2.4,-2,1.4,-1.0,1
28,13,14,1.2000000000000002,-12,1.8,-1.8000000000000003,1
25,26,9,2.8,-3,2.1999999999999997,0.3999999999999999,1
2,15,6,2.1999999999999997,-7,1.4000000000000001,0.0,1
3,10,4,-0.7999999999999998,3,0.0,-1.0,2
14,9,0,3.0,-5,0.5999999999999999,-0.3999999999999999,1
16,18,0,-0.3999999999999999,-1,0.0,-1.4,1
10,7,3,1.1999999999999997,-7,0.8,-1.0,2
26,3,5,1.4000000000000004,-1,0.6000000000000001,-0.7999999999999999,1
15,13,3,0.7999999999999998,-3,0.2,-0.19999999999999996,0
9,2,-6,-0.20000000000000018,5,-0.6,1.2000000000000002,2
24,4,9,2.2,-8,1.6,0.0,1
28,14,5,-4.2,-2,0.0,-0.4,2
23,25,8,3.5999999999999996,1,2.0,-0.8,2
4,16,5,3.4,-3,0.2,-3.6000000000000005,1
7,26,6,2.5999999999999996,5,2.0,0.19999999999999996,0
15,9,-1,0.7999999999999998,2,0.0,-0.3999999999999999,1
13,14,-6,-6.6,12,-1.0,0.20000000000000007,0
2,28,0,-0.20000000000000018,2,-0.6000000000000001,0.0,1
25,24,4,0.5999999999999996,1,1.0,-0.19999999999999996,2
18,10,-4,0.6000000000000001,9,-0.4,0.40000000000000013,2
3,23,0,0.0,6,-0.3999999999999999,0.19999999999999996,1
28,15,9,0.7999999999999998,-8,1.2000000000000002,-0.4,1
5,4,-6,-4.8,9,-1.6,-0.8,1
0,7,-9,-3.0,9,-1.4,-1.4,1
14,2,2,3.2,1,0.20000000000000018,-0.19999999999999996,1
9,13,2,0.0,-3,0.19999999999999996,1.0,2
28,10,3,1.4,-5,0.6000000000000001,-0.3999999999999999,1
4,5,5,5.4,-5,0.8,0.8,1
7,0,5,4.8,-2,1.6,1.4,0
11,3,-7,-4.4,11,-1.2,-1.2,1
28,24,2,-1.2000000000000002,-3,0.19999999999999996,0.4,0
9,26,-1,-0.20000000000000018,4,0.2,2.2,1
2,23,5,1.4,-4,0.20000000000000018,-0.6,1
15,25,-5,-1.5999999999999996,6,-1.2000000000000002,0.6000000000000001,1
14,0,11,4.6,-13,1.6,-0.4,0
10,4,6,1.6,-5,1.0,-0.19999999999999996,1
21,13,-4,-3.0,9,-0.6,-1.8,2
3,15,6,-1.5999999999999996,4,0.6,-0.20000000000000018,2
13,10,-2,-0.3999999999999999,7,-0.40000000000000013,-0.19999999999999996,2
24,9,12,4.199999999999999,-6,2.8,-1.4,1
25,2,3,1.4,3,-0.19999999999999996,0.40000000000000013,1
0,28,-6,0.40000000000000036,15,-0.20000000000000018,-1.0,0
23,14,-1,-1.200000000000001,6,1.1999999999999997,0.0,1
4,11,7,6.0,-6,1.2,0.8,0
26,21,12,5.8,-13,1.8,0.4,1
9,0,1,0.5,-6,-0.6,1.6,1
15,4,4,0.20000000000000018,-3,-0.5999999999999999,0.19999999999999996,0
13,26,3,-0.19999999999999973,4,0.39999999999999997,-0.19999999999999996,1
2,3,5,-0.5999999999999996,-9,0.19999999999999996,-0.7999999999999999,1
21,24,-8,-2.5999999999999996,18,-1.6,0.4,0
28,23,3,3.0,-7,0.8,0.0,2
14,25,1,0.5999999999999996,-3,0.5999999999999999,-0.5999999999999999,0
11,10,-2,-0.6000000000000001,9,-0.5999999999999999,-0.40000000000000013,0
3,14,-4,-1.7000000000000002,17,-1.0,-0.3999999999999999,0
23,9,2,0.8999999999999999,12,-0.09999999999999998,-1.2,1
24,26,3,0.6000000000000005,-5,0.6000000000000001,-0.6,0
4,2,-8,-0.7999999999999998,9,-0.6000000000000001,0.6,2
25,28,-3,1.0,17,0.19999999999999996,-1.6,2
11,13,-1,-3.4,7,-0.5999999999999999,-0.8,1
10,15,5,2.7,-12,1.0,1.2,0
9,25,6,2.5999999999999996,-16,0.10000000000000009,-1.5,2
26,0,4,2.8,-15,0.4,0.8,1
28,3,4,1.5,-18,0.19999999999999996,0.19999999999999996,1
2,10,5,1.4,-6,0.0,-1.0,2
14,4,0,1.7999999999999998,-8,1.4000000000000001,0.9999999999999999,1
13,24,1,1.0,3,0.19999999999999996,-0.6,0
15,11,-7,4.8,5,1.4,-0.4,0
3,9,1,0.30000000000000027,14,-0.3,-0.3999999999999999,2
25,21,0,2.0,1,0.0,1.0,2
23,26,-1,-0.5,10,0.19999999999999996,-0.7,1
0,24,-7,-3.8,17,-1.0,0.0,2
15,13,-2,-1.7999999999999998,11,-0.6000000000000001,-1.8,1
13,0,8,2.2,-14,0.19999999999999996,-1.6,0
26,25,4,0.2999999999999998,-13,-0.8999999999999999,-0.8999999999999999,1
21,3,0,-1.0,-2,0.30000000000000004,-1.0,0
24,23,8,0.10000000000000009,-13,0.19999999999999996,-0.09999999999999998,2
9,4,4,2.4000000000000004,-4,1.2000000000000002,0.19999999999999996,1
2,15,6,1.2000000000000002,-18,0.8999999999999999,0.5,2
14,11,0,4.6000000000000005,-11,1.6,0.9999999999999999,0
28,10,0,1.7999999999999998,-4,-0.19999999999999996,0.0,1
3,26,-6,-1.4,15,-0.39999999999999997,0.6,0
25,24,-4,1.7999999999999998,15,-0.10000000000000009,0.19999999999999996,1
23,0,9,2.0,-5,0.5,-0.8,1
4,21,-4,0.7999999999999998,-9,-0.4,1.6,2
2,13,3,-1.0,-7,-0.40000000000000013,-0.40000000000000013,1
15,14,1,-0.09999999999999964,16,0.10000000000000009,-0.8999999999999999,1
10,9,1,1.4,3,0.0,0.0,0
11,28,2,-1.6000000000000005,9,0.19999999999999996,-0.8,1
24,3,6,2.4000000000000004,-16,0.5,-0.4,2
0,25,-3,-1.2999999999999998,2,-1.5,-0.8,0
26,4,9,0.6000000000000001,-4,0.6,-0.5999999999999999,0
13,23,2,-0.7999999999999998,-8,-0.10000000000000009,-0.29999999999999993,2
21,10,-3,-1.7999999999999998,12,-0.09999999999999998,-0.6,1
9,11,0,2.8000000000000003,-7,0.6,0.3999999999999999,2
28,15,4,1.0999999999999996,-15,-0.19999999999999996,0.09999999999999998,1
10,26,-3,1.5999999999999996,1,0.0,0.6,2
4,24,-6,1.2000000000000002,5,0.4,1.6,2
11,21,1,0.09999999999999964,-10,-0.5,0.10000000000000009,1
25,23,-3,0.40000000000000036,4,-0.3999999999999999,0.30000000000000004,1
15,9,5,2.2,12,1.0,-0.5,1
2,28,3,1.9999999999999996,-1,1.0,-0.40000000000000013,1
3,0,2,1.5000000000000002,-1,0.10000000000000003,0.0,2
14,13,5,-0.20000000000000018,-6,1.0000000000000002,-0.7999999999999998,0
13,25,1,-1.6,-12,-0.9999999999999999,-1.0,1
21,15,1,-1.2999999999999998,2,-0.3999999999999999,-0.8999999999999999,2
26,11,2,1.4,-4,0.3999999999999999,0.19999999999999996,2
24,10,0,1.6,-3,0.0,-0.20000000000000007,1
23,3,6,1.8000000000000003,-4,0.4,-0.39999999999999997,1
0,4,0,-1.1,11,-0.5,-0.6000000000000001,1
28,14,10,1.7999999999999998,1,0.5999999999999999,-1.0,1
9,2,-12,-0.20000000000000018,5,-1.2000000000000002,0.9999999999999999,2
28,13,14,2.1999999999999997,-5,0.8,-1.5999999999999999,0
3,25,-2,0.0,1,-0.6,0.0,0
2,21,0,2.7,-18,0.10000000000000009,-0.19999999999999996,1
11,24,3,-0.8000000000000003,5,0.5999999999999999,0.19999999999999996,2
15,26,5,1.4000000000000004,12,1.2,-0.19999999999999996,1
14,9,3,3.4000000000000004,-3,1.2,0.0,1
10,0,-1,1.7999999999999998,-14,-0.09999999999999998,0.0,0
4,23,-9,1.5999999999999996,-6,0.0,1.7999999999999998,1
13,3,4,-0.3999999999999999,-14,0.19999999999999996,-0.4,1
9,28,-3,0.0,4,-0.4,-0.40000000000000013,1
0,11,-5,0.3999999999999999,13,-0.5,0.20000000000000007,1
23,10,9,3.2,9,0.6,-1.8000000000000003,0
24,15,-1,1.3999999999999995,-13,0.0,-0.7999999999999999,2
21,14,5,-2.2,16,0.4,-0.6000000000000001,2
25,4,8,1.9999999999999996,10,0.0,-1.0,2
26,2,-7,-1.0,5,-0.6000000000000001,0.6,0
9,13,4,1.4000000000000004,-2,-0.20000000000000007,-1.0,0
11,23,4,0.20000000000000018,-8,0.5999999999999999,0.0,2
10,25,-1,0.20000000000000018,-12,-0.6,-0.3999999999999999,1
15,0,8,2.5999999999999996,-5,1.4,-0.4,1
28,21,4,3.8,-16,0.6000000000000001,0.0,1
4,3,-1,1.8000000000000003,-12,0.7999999999999999,1.0000000000000002,1
14,26,6,5.3999999999999995,-3,2.0,0.6000000000000001,1
2,24,-1,1.0,-3,0.6000000000000001,0.20000000000000007,1
23,15,3,1.2000000000000002,3,-0.8000000000000003,-0.7999999999999999,0
13,4,4,-1.4000000000000001,-2,-0.19999999999999996,-0.9999999999999999,2
25,11,-2,1.2000000000000002,10,-0.4,0.0,0
3,10,-1,2.0,14,0.20000000000000007,-1.0000000000000002,0
26,28,5,0.20000000000000018,3,0.7999999999999999,-0.6000000000000001,2
0,2,-6,-2.1999999999999997,20,-0.7999999999999999,0.19999999999999996,2
21,9,3,-0.40000000000000036,14,0.0,-0.40000000000000013,1
24,14,-1,0.5999999999999996,1,0.6000000000000001,-0.3999999999999999,2
4,10,4,4.4,2,0.7999999999999999,-0.6000000000000001,0
25,15,-3,0.3999999999999999,7,-1.6,-0.7999999999999999,2
13,21,1,-0.3999999999999999,-9,-0.3999999999999999,-0.3999999999999999,2
24,28,-3,1.4000000000000004,1,0.8,-0.19999999999999996,2
26,9,1,1.2000000000000002,2,0.6,-0.20000000000000018,2
23,2,-2,1.4000000000000004,14,-0.40000000000000013,0.0,1
3,11,-5,0.6000000000000001,12,-0.6,0.0,2
0,14,0,-1.9999999999999996,18,-0.3999999999999999,-0.3999999999999999,1
10,13,3,1.4,-3,0.20000000000000007,-0.8,2
15,3,11,1.8000000000000003,-10,1.7999999999999998,-0.7999999999999999,1
9,24,-2,0.3999999999999999,1,-0.6,-0.4,2
21,26,3,0.6000000000000001,10,0.19999999999999996,-0.19999999999999996,1
28,0,8,4.6,-18,1.6,0.3999999999999999,1
11,4,2,-1.6000000000000005,1,0.0,0.3999999999999999,2
14,23,2,5.6,-10,1.0000000000000002,0.8,1
2,25,10,2.2,-19,1.2,-0.5999999999999999,1
24,21,-3,2.8,-14,0.19999999999999996,-0.5999999999999999,1
4,15,-3,1.9999999999999996,-5,-0.3999999999999999,0.20000000000000018,0
23,28,5,1.7999999999999998,11,0.7999999999999999,-0.19999999999999996,0
26,13,-4,1.4000000000000004,2,0.20000000000000007,0.19999999999999996,0
3,2,-7,-1.0,21,-0.7999999999999999,0.3999999999999999,2
25,14,1,-1.3999999999999995,18,-0.3999999999999999,-0.5999999999999999,2
0,9,6,1.6,15,0.6,-0.8,0
10,11,-5,1.7999999999999998,-1,-0.6,0.20000000000000007,0
4,28,1,0.6000000000000005,3,0.3999999999999999,0.0,0
11,2,-4,-1.2000000000000002,9,-0.3999999999999999,0.3999999999999999,2
10,14,-4,-2.0,6,-0.7999999999999999,0.0,2
26,24,-7,-0.20000000000000018,5,-1.2,0.3999999999999999,2
21,0,5,2.0,-2,0.9999999999999999,0.3999999999999999,1
13,11,-2,-0.5999999999999999,-3,-0.19999999999999996,0.6,1
28,25,11,4.0,-18,1.2,-0.40000000000000013,2
15,10,12,3.8,3,1.5999999999999999,-2.0,1
2,4,5,0.7999999999999998,-6,1.2,0.0,1
9,23,-2,0.40000000000000036,-7,-0.8,0.19999999999999996,0
14,3,8,3.8000000000000003,-20,1.4000000000000001,-0.20000000000000018,1
24,13,-1,2.6,-2,1.0,0.0,0
11,15,-8,0.0,-1,-0.6000000000000001,1.0,1
0,26,6,1.6,12,0.19999999999999996,-0.8,0
10,2,-5,1.1999999999999997,7,-0.8,-0.19999999999999996,0
4,14,-3,-2.2,5,-0.40000000000000013,0.19999999999999996,2
25,9,0,2.8,13,-0.20000000000000007,-0.6000000000000001,1
3,28,-6,-1.2000000000000002,19,-0.7999999999999999,0.19999999999999996,2
23,21,6,4.199999999999999,-4,1.0,-0.19999999999999996,1
14,2,3,4.199999999999999,1,1.1999999999999997,0.0,2
13,15,1,-0.20000000000000018,-6,0.3999999999999999,-0.3999999999999999,0
24,0,0,1.8000000000000003,-17,0.19999999999999996,-0.3999999999999999,1
28,4,1,2.1999999999999993,-4,0.19999999999999996,0.4,1
9,3,5,0.7999999999999998,-16,-0.4,-1.2000000000000002,0
21,25,5,1.1999999999999997,-2,0.3999999999999999,-0.19999999999999996,0
26,23,-2,1.4000000000000004,-3,-0.19999999999999996,0.40000000000000013,0
14,10,9,4.6,-7,2.0,-2.4000000000000004,1
2,11,10,2.5999999999999996,-9,1.4,-0.6,2
25,3,3,2.3,-6,0.7000000000000002,-0.8,1
26,15,-1,-2.5,7,0.5,0.5,2
24,11,1,3.0,-3,2.0,0.0,1
0,10,2,4.0,7,-0.19999999999999996,-0.5,1
23,4,2,1.7999999999999998,2,0.7000000000000002,-0.5,1
13,28,-1,-0.7999999999999998,11,-0.19999999999999996,0.19999999999999996,1
9,14,-8,-1.7000000000000002,8,-1.3,0.7,2
21,2,-3,1.7999999999999998,9,0.19999999999999996,0.30000000000000004,2
11,0,1,-1.0,7,-0.7,-2.8,2
4,25,2,0.2999999999999998,7,-0.30000000000000004,0.30000000000000004,0
15,24,4,2.0,-8,0.6000000000000001,-0.3999999999999999,1
3,13,5,0.30000000000000004,-5,-0.30000000000000004,-2.4000000000000004,2
28,9,4,3.7,-3,1.0,-1.7,1
10,23,5,1.0,1,2.3,0.3,2
2,26,1,3.0,-8,0.8,0.0,1
14,21,1,1.0,-11,1.5,-0.7000000000000002,1
0,15,1,1.2000000000000002,4,0.19999999999999996,0.10000000000000009,1
25,10,7,2.0,-2,1.5,-0.8999999999999999,1
23,11,9,1.9000000000000004,-10,2.2,-1.2,2
3,4,1,-1.7000000000000002,1,-0.8,-0.7,1
21,28,2,1.5,8,1.2,1.0999999999999999,2
26,14,-9,-1.7999999999999998,11,-0.19999999999999996,0.8,1
13,9,1,-0.19999999999999996,-3,-0.10000000000000009,-0.5,0
24,2,-5,0.5,9,-0.20000000000000018,0.5,0
10,3,3,0.7000000000000002,1,0.30000000000000004,-0.8999999999999999,0
28,26,7,2.2,-4,0.8999999999999999,-1.2,1
9,21,1,-2.5,-1,0.09999999999999998,-1.7,2
15,23,4,2.2,-2,0.8,0.7,1
14,24,2,4.8,-9,1.7999999999999998,-0.10000000000000009,1
11,25,-2,-2.0,13,-0.8,0.30000000000000004,1
4,13,3,1.4000000000000004,-3,-0.30000000000000004,-1.0,0
2,0,2,2.7,-2,0.7,-1.2999999999999998,1
24,25,1,1.2999999999999998,10,1.3,1.0,1
13,11,1,-1.9999999999999998,-1,0.0,-0.7,0
21,26,1,1.0,3,0.3999999999999999,0.6000000000000001,1
10,4,4,0.40000000000000036,-1,0.8,-1.0,1
14,28,3,4.0,-3,1.4,0.19999999999999996,0
15,24,10,3.4,-8,1.2000000000000002,-0.6000000000000001,1
2,23,4,3.3,-5,1.4000000000000001,0.0,0
25,3,8,1.7999999999999998,-5,0.7000000000000002,-0.9,1
0,9,8,5.199999999999999,-9,1.0,-0.6,1
25,21,12,2.0,-11,2.2,-2.0,2
26,0,2,0.5,10,1.0,-1.5999999999999999,1
23,15,2,2.2,6,1.0,-0.19999999999999996,0
9,13,-3,-0.6000000000000001,2,-1.2,-0.6000000000000001,2
28,2,2,-0.2999999999999998,4,-0.40000000000000013,-1.0,0
3,4,4,-1.4,-4,0.0,-0.8,2
24,14,-4,1.5999999999999996,10,1.1,0.19999999999999996,2
13,26,4,-0.20000000000000018,-2,0.0,-0.5999999999999999,0
0,25,7,3.4000000000000004,2,1.1,-1.1,2
15,28,10,2.9999999999999996,-3,1.2,-0.4,1
4,11,3,1.4,-6,0.6,-0.3999999999999999,2
10,9,6,2.9999999999999996,-8,1.4,-0.5999999999999999,1
2,14,-2,1.6000000000000005,1,0.6000000000000001,-0.19999999999999996,0
21,3,1,1.2000000000000002,3,0.0,-0.19999999999999996,1
24,23,2,1.4000000000000004,7,1.2000000000000002,0.3999999999999999,1
25,13,5,0.7999999999999998,-9,0.0,-0.7999999999999999,0
26,10,6,0.3999999999999999,7,1.0,-0.5,2
3,11,-2,-1.1999999999999997,-2,-0.4,-0.19999999999999996,2
2,24,9,5.0,-8,1.7999999999999998,-0.3999999999999999,1
21,0,5,0.0,3,0.7999999999999999,-1.4000000000000001,2
28,23,8,0.40000000000000036,-2,0.6000000000000001,-0.9999999999999999,1
9,4,-3,-1.2000000000000002,4,-0.39999999999999997,0.0,1
14,15,0,1.8000000000000007,3,0.8,0.19999999999999996,1
24,28,5,1.0,8,1.2000000000000002,-0.19999999999999996,2
11,9,4,0.6000000000000001,-7,0.2,-0.7999999999999999,1
10,25,1,0.3999999999999999,3,0.0,-0.5999999999999999,0
15,2,7,1.7999999999999998,-1,0.40000000000000013,-0.5999999999999999,1
4,26,4,1.4,-3,0.6,0.0,1
23,14,-3,1.6000000000000005,7,0.0,-0.3999999999999999,1
0,3,8,3.6,-7,1.0,-1.0,1
13,21,0,0.5999999999999996,1,0.20000000000000007,-1.4000000000000001,0
25,4,7,1.1999999999999997,-6,1.6,-0.19999999999999996,1
3,9,3,0.20000000000000018,-2,0.2,0.0,2
21,10,0,0.40000000000000036,4,0.0,0.40000000000000013,1
24,15,2,1.4,12,1.4,0.19999999999999996,0
28,14,6,-0.7999999999999998,2,0.6000000000000001,-0.7999999999999999,2
0,13,4,1.0,-6,-0.3999999999999999,-0.6,2
23,2,2,-0.39999999999999947,4,-0.6000000000000001,-0.8,1
26,11,-1,-0.8000000000000003,4,0.20000000000000018,0.19999999999999996,1
13,3,6,2.0,-5,0.6,-1.0,1
4,21,-1,1.1999999999999997,3,0.19999999999999996,-0.40000000000000013,2
10,0,1,-1.0,3,-0.19999999999999996,-1.0,0
15,23,11,2.8000000000000003,-5,0.8,-1.2,1
2,28,4,3.8,-2,1.0000000000000002,-0.19999999999999996,0
11,25,3,-0.7999999999999998,8,0.20000000000000007,-0.6,0
9,26,3,-1.2000000000000002,3,-0.4,-0.6000000000000001,0
14,24,10,5.2,-12,1.2000000000000002,-0.8,1
13,10,4,2.3999999999999995,3,0.4,-0.5999999999999999,1
23,24,10,1.6,-6,0.7999999999999999,-1.4,0
21,11,-1,-0.8000000000000003,-1,-0.3999999999999999,0.0,2
0,4,6,1.2000000000000002,-6,1.4000000000000001,0.19999999999999996,1
28,15,5,2.1999999999999997,4,0.8,-0.19999999999999996,0
3,26,1,-1.0,2,-0.6,0.0,2
25,9,6,2.2,-13,1.0,-0.19999999999999996,1
14,2,8,2.4000000000000004,-3,0.40000000000000013,-1.0,1
11,0,1,-1.2000000000000002,6,0.0,-0.7999999999999999,2
26,25,4,0.7999999999999998,9,0.6,-0.3999999999999999,0
9,21,-6,-1.0,5,-0.5999999999999999,0.0,1
4,13,-6,-0.20000000000000018,6,-1.4,0.0,0
10,3,8,1.2000000000000002,-7,0.39999999999999997,-1.4000000000000001,1
24,2,5,2.4,9,1.0,-0.6000000000000001,2
15,14,8,2.0,1,1.8,-0.19999999999999996,1
23,28,0,-0.9999999999999996,3,-0.3999999999999999,-0.6,2
25,13,1,0.8000000000000007,-5,-0.40000000000000013,-0.6000000000000001,1
14,23,12,2.1999999999999997,-6,0.40000000000000013,-2.6,2
17,26,-5,-4.2,7,-1.2,-1.2,0
28,24,7,3.6000000000000005,-8,1.0,-0.40000000000000013,2
2,15,6,4.3999999999999995,4,1.2,-0.3999999999999999,2
7,9,-3,-3.0,6,-0.8,-1.4,1
2,25,0,4.0,3,0.5999999999999999,0.19999999999999996,1
9,7,7,3.4,-2,1.2,1.0,1
26,17,10,4.0,-6,1.4,0.8,1
20,26,-6,-4.2,9,-1.2,-1.0,0
23,24,4,0.3999999999999999,-6,0.5999999999999999,-0.3999999999999999,0
11,15,1,-0.5999999999999996,10,-0.3999999999999999,-0.3999999999999999,2
2,22,8,6.8,-16,1.2,1.0,1
21,0,2,-1.2000000000000002,7,0.0,-0.7999999999999999,0
25,14,3,0.0,-1,0.6000000000000001,0.20000000000000018,2
13,10,6,4.0,2,0.9999999999999999,-0.3999999999999999,1
7,28,-5,2.0,11,4.2,-0.6000000000000001,2
24,25,-2,0.6000000000000001,10,0.3999999999999999,0.7999999999999999,1
26,2,6,1.0,6,1.0,-0.5999999999999999,2
15,13,7,1.3999999999999995,-6,0.6000000000000001,-0.8000000000000003,1
14,7,10,0.5999999999999996,-15,-0.3999999999999999,-2.4,1
22,11,-10,-3.6,9,-1.2,-0.6,2
0,23,5,0.0,-2,-0.3999999999999999,-1.8,2
10,21,1,0.6000000000000001,-3,0.19999999999999996,-1.0,0
28,20,5,6.2,-13,1.2,1.2,0
25,0,2,1.0,-2,1.2000000000000002,1.2,2
23,10,5,2.2,-2,0.6,-0.3999999999999999,0
11,26,1,0.20000000000000018,1,-0.3999999999999999,-0.19999999999999996,1
20,14,-6,-1.2000000000000002,16,-0.6000000000000001,-0.3999999999999999,2
15,22,15,3.5999999999999996,-20,3.6,-0.6000000000000001,2
2,28,0,0.39999999999999947,-3,-0.6000000000000001,-0.5999999999999999,0
21,13,2,-2.0,3,-1.5999999999999999,-2.2,2
7,24,-2,1.7000000000000002,4,2.4,0.5,2
26,22,12,5.4,-13,1.6,0.4,1
28,11,6,3.4000000000000004,-16,0.6000000000000001,0.0,1
10,25,2,-0.20000000000000018,-1,0.0,-0.20000000000000018,2
0,7,-5,1.1,2,0.30000000000000004,-0.7,0
21,15,-5,0.10000000000000009,11,-0.5,-0.19999999999999996,1
14,2,5,2.9999999999999996,1,0.3999999999999999,-1.2000000000000002,1
24,20,15,6.6,-17,3.2,0.4,0
13,23,-3,0.3999999999999999,4,0.0,0.19999999999999996,1
25,13,3,0.9999999999999996,-5,1.2000000000000002,0.19999999999999996,1
20,0,-2,-2.7,6,-1.0,-1.7,0
22,28,-10,-3.8,21,-2.2,-0.6,2
23,21,12,4.6,-11,3.2,-1.4,2
7,10,-6,1.8000000000000003,8,-0.19999999999999996,0.4,1
21,25,-3,-0.8999999999999995,11,-0.09999999999999987,-0.09999999999999987,1
28,26,9,3.4000000000000004,-7,1.6,-0.8,1
13,7,0,0.7999999999999998,-4,0.3999999999999999,-0.3999999999999999,2
23,15,3,4.0,-2,1.2000000000000002,-0.6000000000000001,1
14,22,11,1.7999999999999998,-20,2.0,-0.4,1
24,11,12,2.4000000000000004,-14,1.7000000000000002,-0.4,0
0,2,-1,1.6999999999999997,13,-0.5,-0.7,2
20,13,-6,0.20000000000000018,11,0.19999999999999996,0.0,0
25,23,8,2.6,-1,1.4000000000000001,0.19999999999999996,2
2,10,3,1.4000000000000004,-4,0.20000000000000018,0.20000000000000007,1
7,21,5,1.9000000000000004,-3,0.8,0.0,0
15,28,-2,-0.39999999999999947,8,-1.8,0.3999999999999999,1
11,0,0,3.8,2,2.0,-1.5,0
26,14,2,-4.199999999999999,6,-0.6000000000000001,-0.4,1
21,20,6,1.5,-4,1.0,0.8,0
23,7,-1,0.39999999999999947,-6,0.0,-0.19999999999999996,1
13,2,1,0.0,8,-0.5999999999999999,-0.6000000000000001,2
14,28,4,1.4000000000000004,2,-0.3999999999999999,-0.3999999999999999,1
25,15,6,0.0,-3,0.8,0.19999999999999973,1
0,22,5,2.5,-6,1.3,0.0,2
10,11,4,2.3,-11,0.7,0.6000000000000001,0
24,26,10,1.5999999999999996,-3,2.0,-1.2,1
26,0,11,2.1999999999999997,-8,0.19999999999999996,-1.4000000000000001,2
7,25,2,1.7999999999999998,7,0.0,-1.0,2
28,24,2,-0.5999999999999996,-4,-0.19999999999999996,-0.20000000000000007,1
11,13,-4,2.3,7,1.3,-0.19999999999999996,1
20,23,-4,-0.7999999999999998,13,-0.30000000000000004,-0.30000000000000004,0
15,14,4,-0.7999999999999998,6,-0.40000000000000013,-0.7999999999999999,2
22,10,-6,-0.20000000000000018,14,-0.19999999999999996,2.8,0
2,21,11,1.5999999999999996,-12,1.2000000000000002,-0.19999999999999996,1
11,14,0,0.7000000000000002,14,1.7000000000000002,-0.19999999999999996,0
25,20,7,0.40000000000000036,-15,1.1,0.8999999999999999,2
7,15,3,0.39999999999999947,3,-0.3999999999999999,-1.9999999999999998,2
13,22,3,1.1000000000000005,-10,0.6000000000000001,0.8,2
10,26,6,1.7999999999999998,-2,1.6,-0.19999999999999996,0
0,28,1,2.3999999999999995,15,0.19999999999999996,-0.19999999999999996,0
21,11,5,2.3,-1,1.0,0.6000000000000001,0
24,14,6,-0.7999999999999998,2,0.6000000000000001,-1.0,2
23,2,3,1.0,3,0.20000000000000018,-1.0000000000000002,1
20,7,-4,-1.2999999999999998,6,-0.3999999999999999,-1.2000000000000002,1
26,13,5,0.8000000000000003,-1,0.0,-1.2000000000000002,0
15,24,5,-1.3999999999999995,2,-0.8,-0.7999999999999999,1
28,10,6,3.6,-7,1.0,-0.5999999999999999,1
11,23,1,2.5999999999999996,12,1.1,0.0,0
2,25,8,-0.20000000000000018,-1,0.8000000000000003,-0.5999999999999999,1
22,21,-3,0.0,3,0.19999999999999996,1.5,0
14,0,5,2.9999999999999996,-14,0.40000000000000013,-0.7999999999999999,0
2,24,10,0.0,-3,0.20000000000000018,-0.7999999999999999,1
25,11,5,3.0,-12,1.8,0.8,0
23,22,6,2.8,-15,1.2,-0.19999999999999996,1
21,26,8,1.0000000000000004,7,1.6,-0.6000000000000001,0
13,28,1,1.6,9,0.6000000000000001,0.3999999999999999,0
10,14,-2,-0.20000000000000018,5,0.0,0.3999999999999999,2
20,15,0,-1.5,11,-0.3999999999999999,-1.2,2
7,2,-1,-1.2000000000000002,9,-1.4,-1.2000000000000002,0
0,24,1,1.1999999999999993,11,0.19999999999999996,-0.19999999999999996,1
22,24,1,-0.10000000000000009,13,0.09999999999999998,-0.10000000000000009,1
26,23,2,-0.20000000000000018,5,-0.6000000000000001,-0.7999999999999999,0
11,7,5,2.2,5,1.4000000000000001,-0.8,1
15,0,4,1.3999999999999995,-8,-0.19999999999999996,-1.0,0
22,25,-2,-1.4000000000000004,14,-0.3999999999999999,-0.19999999999999996,0
28,21,7,5.4,-16,1.6,-0.20000000000000007,2
14,13,6,3.9999999999999996,-7,0.8,-0.8,0
24,10,4,1.2000000000000002,-2,1.0,-0.6000000000000001,1
2,20,10,1.0,-16,0.9000000000000001,-0.4,0
15,26,6,1.0000000000000004,-2,0.6,-1.2000000000000002,0
13,24,4,1.2000000000000002,4,0.7999999999999999,0.19999999999999996,2
7,22,-1,0.7999999999999998,-7,-0.7999999999999999,-0.3999999999999999,0
20,11,2,-0.3999999999999999,2,0.0,-0.19999999999999996,0
21,14,-1,-2.1999999999999993,12,-0.19999999999999996,0.19999999999999996,0
25,26,4,2.4000000000000004,-2,1.4000000000000001,0.19999999999999996,2
23,28,7,2.8000000000000003,3,1.6,-0.19999999999999996,1
10,0,-2,0.6000000000000001,-8,0.0,0.40000000000000013,2
2,15,7,1.0,-4,0.6000000000000001,-1.8,1
22,20,0,-0.5,1,-0.3999999999999999,0.3999999999999999,0
24,21,0,1.2000000000000002,-11,0.8,1.2000000000000002,0
28,25,5,2.5999999999999996,-4,1.2,-0.3999999999999999,0
0,13,2,3.2,5,0.3999999999999999,0.0,2
15,10,7,2.0,-2,0.3999999999999999,-2.0,0
14,23,5,3.3999999999999995,-1,-0.19999999999999996,-1.0,2
26,7,4,-0.3999999999999999,-3,0.19999999999999996,-1.5999999999999999,1
11,2,2,-0.40000000000000036,16,0.3999999999999999,-0.6000000000000001,1
24,23,-1,1.4,1,-0.19999999999999996,0.20000000000000018,0
0,21,-2,2.0000000000000004,-1,0.3999999999999999,1.2000000000000002,0
22,2,0,-2.0,18,-1.2,-1.2000000000000002,0
15,11,1,2.4000000000000004,-7,0.19999999999999996,0.19999999999999996,0
10,13,-4,0.8000000000000003,-1,-0.19999999999999996,0.6000000000000001,0
28,7,7,4.0,-9,1.5999999999999999,-1.4000000000000001,1
14,25,3,1.2000000000000002,-3,0.40000000000000013,-0.6000000000000001,1
26,20,1,-1.0,-11,0.0,0.19999999999999996,2
11,22,4,1.8000000000000003,-4,0.8000000000000003,-0.3999999999999999,0
21,10,5,1.7999999999999998,8,0.40000000000000013,-1.6,1
13,15,-5,0.39999999999999947,3,-0.19999999999999996,0.20000000000000018,1
2,26,7,0.8000000000000007,-6,0.40000000000000013,-1.2,0
20,28,4,0.20000000000000018,17,0.6000000000000001,-0.8,2
7,14,-8,-2.3999999999999995,8,-1.8000000000000003,-0.19999999999999996,2
25,24,1,3.0,1,1.4,0.8000000000000003,1
23,0,6,2.4,-13,1.2,-0.19999999999999996,2
13,21,-2,2.0000000000000004,-5,0.6,1.6,0
22,15,1,0.39999999999999947,11,0.0,-1.2000000000000002,2
26,11,0,-0.5999999999999996,-9,0.19999999999999996,0.6000000000000001,1
10,23,-4,2.2,6,0.3999999999999999,1.4000000000000001,0
28,2,5,0.5999999999999996,-2,0.19999999999999996,-0.6000000000000001,1
0,25,0,-2.0,9,-0.20000000000000007,-0.19999999999999996,1
14,20,-1,2.8,-16,-0.19999999999999996,0.0,2
24,7,8,2.6000000000000005,-6,1.4000000000000001,-1.0,1
22,26,-1,1.0,12,0.20000000000000018,0.40000000000000013,1
23,13,6,3.0,-6,1.5999999999999999,-0.19999999999999996,2
11,28,4,1.6,16,0.8,-0.7999999999999999,1
15,21,0,3.5999999999999996,-7,0.7999999999999999,1.0,1
2,14,0,-1.7999999999999998,1,-0.6000000000000001,-1.0,0
25,10,5,4.199999999999999,-4,0.6000000000000001,-1.4,1
7,0,-9,-0.6000000000000001,-2,-1.8,0.0,2
20,24,2,-0.20000000000000018,13,0.0,-0.3999999999999999,2
13,25,3,0.0,3,0.19999999999999996,-0.40000000000000013,2
21,23,0,1.6,12,0.19999999999999996,0.19999999999999996,0
26,15,-1,-1.2000000000000002,1,-0.19999999999999996,-0.40000000000000013,0
28,22,2,2.6,-18,0.6000000000000001,0.19999999999999996,0
14,11,1,3.8,-12,0.4,0.3999999999999999,1
0,20,-3,-0.20000000000000018,-7,-0.8,0.20000000000000007,2
24,2,6,1.1999999999999993,2,0.8,-0.19999999999999996,1
10,7,3,2.3999999999999995,-2,0.6,-0.19999999999999996,2
25,21,1,3.6,-10,0.5999999999999999,0.5999999999999999,1
22,14,-5,-1.5999999999999996,17,-0.3999999999999999,0.6000000000000001,2
26,28,3,-1.2000000000000002,6,0.6000000000000001,0.19999999999999996,0
15,23,0,2.8,1,0.8,0.6,0
11,24,5,1.2000000000000002,10,0.40000000000000013,-0.7999999999999999,0
2,0,-2,-0.40000000000000036,-9,-0.6000000000000001,-0.6,1
20,10,3,1.0,8,0.0,-1.4,2
7,13,-7,0.6000000000000001,2,-1.2,0.0,1
11,25,4,2.7,-6,0.0,-2.0,1
2,7,0,2.2,-3,1.0,0.0,1
26,21,2,3.0,-1,2.0,1.5,1
15,20,2,4.5,-6,-0.5,-1.0,0
22,23,-2,-2.0,12,-1.0,-0.5,1
24,0,2,3.0,1,1.2999999999999998,-0.19999999999999996,0
14,10,6,1.7999999999999998,-2,1.0,-1.7,1
28,13,0,2.8,-2,0.5,0.2999999999999998,1
25,22,3,1.2999999999999998,5,0.8,-1.2999999999999998,0
7,11,2,0.7000000000000002,6,1.3,-0.19999999999999996,1
20,2,-2,-1.0,7,-1.2,-1.0,0
0,15,-3,-0.7000000000000002,8,-0.30000000000000004,0.6000000000000001,1
23,26,3,2.7,-3,1.4000000000000001,-0.3999999999999999,1
10,24,7,-0.7000000000000002,-5,1.2,-0.5,2
21,28,2,0.0,-3,-1.2,-0.5,2
13,14,-2,-0.20000000000000018,14,-0.8,1.0,2
22,7,4,1.5,4,0.5,-1.5,0
26,25,7,2.0999999999999996,-11,0.8999999999999999,-0.8,1
11,20,5,1.5,-3,0.0,-1.8,1
15,2,-3,1.7000000000000002,3,-1.1,-0.19999999999999996,0
0,10,6,0.9000000000000004,-3,-0.30000000000000004,-1.2999999999999998,1
14,21,8,3.0,-9,2.2,0.5,1
24,13,3,3.0999999999999996,-3,1.1,-1.0,1
28,23,-2,-0.5,6,-0.10000000000000009,0.7,0
21,24,3,1.5,3,0.5,0.19999999999999996,2
13,0,0,1.2000000000000002,10,0.10000000000000009,0.19999999999999996,0
10,15,0,-1.2000000000000002,6,0.5,0.3999999999999999,0
7,26,0,-2.0999999999999996,7,0.5,-1.2000000000000002,1
2,11,5,2.3,-4,2.2,-0.8,1
23,14,5,2.9000000000000004,1,1.3,0.8999999999999999,1
25,28,-3,0.2999999999999998,6,-1.4000000000000001,0.0,2
20,22,4,0.5,2,0.19999999999999996,-2.0999999999999996,0
0,10,9,0.8000000000000003,-5,0.0,-1.2,1
23,15,7,3.1999999999999997,-7,2.4000000000000004,0.4,2
20,22,4,-0.40000000000000036,3,0.19999999999999996,-1.5999999999999999,1
2,28,-1,0.20000000000000018,-4,-0.2999999999999998,-1.0,2
11,7,6,2.8000000000000003,1,1.2000000000000002,-1.2,1
14,24,7,1.7999999999999998,-6,0.8,-0.6,1
26,13,9,2.5999999999999996,-9,1.5,-1.3,1
21,25,6,1.8000000000000003,-1,0.3999999999999999,-0.3999999999999999,1
13,11,2,0.20000000000000018,8,0.19999999999999996,-0.3999999999999999,1
24,2,-1,1.4000000000000004,4,0.6000000000000001,-0.3999999999999999,0
10,22,6,-1.0,1,0.3999999999999999,-0.3999999999999999,1
0,26,4,-0.6000000000000001,3,0.19999999999999996,-1.4,0
28,23,-2,-0.40000000000000036,3,0.0,0.6000000000000001,1
25,20,2,2.0,3,0.19999999999999996,-0.40000000000000013,2
15,14,-2,2.2,6,-0.3999999999999999,-0.19999999999999996,2
7,21,7,-0.7000000000000002,-2,1.5,0.30000000000000004,0
26,10,12,2.4,-9,1.5999999999999999,-0.6000000000000001,1
24,15,-3,1.3999999999999995,1,0.3999999999999999,0.4,0
21,13,5,0.8000000000000003,-3,0.3999999999999999,-1.1999999999999997,2
23,2,3,-0.5999999999999996,-2,0.8,-0.3999999999999999,2
11,0,10,2.3999999999999995,3,1.5,-0.6000000000000001,0
14,28,0,0.0,-4,-0.7999999999999998,-0.5999999999999999,1
22,25,8,1.9999999999999998,-1,0.6,-1.2,0
20,7,5,2.1999999999999997,-1,0.4,-1.2000000000000002,1
26,11,12,1.2000000000000002,-8,2.0,0.19999999999999996,2
28,15,0,1.2000000000000002,-2,0.5999999999999999,1.0,2
13,20,1,0.0,6,-0.6,-1.4000000000000001,0
0,21,8,-0.7999999999999998,-5,0.8,-0.6,2
10,25,7,1.7999999999999998,-3,0.9999999999999999,0.0,1
7,22,8,-0.6000000000000001,-3,0.5999999999999999,-0.5999999999999999,1
2,14,-1,1.3999999999999995,3,0.8,-0.19999999999999996,2
23,24,3,2.6000000000000005,-8,1.2,0.0,2
11,10,10,1.2000000000000002,-4,1.0,-1.6,0
15,2,-4,0.40000000000000036,2,-1.6,-0.19999999999999996,1
22,13,5,-0.7999999999999998,1,-0.8,-1.8,1
25,7,0,2.8,5,0.7999999999999999,0.19999999999999996,0
14,23,8,-0.39999999999999947,-3,0.6000000000000001,-0.7999999999999999,0
20,0,7,0.6000000000000005,1,0.6,-0.20000000000000007,1
24,28,-4,0.5999999999999996,2,-0.6000000000000001,-1.0,2
21,26,-1,0.6000000000000001,8,0.19999999999999996,0.8,0
13,25,4,1.0,-1,0.0,-1.0,0
10,7,6,2.2,1,1.6,-0.6000000000000001,1
0,22,8,0.3999999999999999,-3,0.6,-0.7999999999999999,1
15,23,0,0.6000000000000005,1,0.19999999999999996,-0.40000000000000013,1
24,14,-4,0.20000000000000018,9,0.5999999999999999,0.0,0
26,20,7,2.8,-4,0.8,-0.3999999999999999,1
11,21,6,0.20000000000000018,-3,1.4,-0.20000000000000007,1
28,2,2,-0.7999999999999998,-3,-0.19999999999999996,-0.6000000000000001,2
7,13,10,-1.0,-3,-0.40000000000000013,-2.2,0
25,0,-2,0.3999999999999999,8,0.4,1.0,1
14,15,5,1.0,-2,1.0,0.19999999999999996,1
20,11,8,0.40000000000000036,2,0.6,-0.6,1
22,26,4,1.0000000000000004,12,0.6,-0.7999999999999999,2
2,24,-3,2.8000000000000003,-6,0.0,-0.19999999999999996,1
21,10,3,0.3999999999999999,2,0.4,0.19999999999999996,2
23,28,-6,-0.20000000000000018,2,0.0,0.20000000000000018,2
15,24,-1,2.8000000000000003,-6,0.6000000000000001,-0.19999999999999996,2
10,13,6,0.20000000000000018,-5,0.0,-1.4,0
0,7,8,1.2000000000000002,-1,0.7999999999999999,-0.9999999999999999,0
21,20,-1,0.0,7,-0.3999999999999999,-0.19999999999999996,1
2,23,7,2.2,-4,0.40000000000000013,-1.4000000000000001,1
11,22,10,2.0000000000000004,-5,1.8000000000000003,-0.6,2
26,25,10,3.2,-13,1.7999999999999998,0.19999999999999996,1
28,14,-3,-0.20000000000000018,3,0.0,-0.19999999999999996,1
24,23,4,0.5999999999999996,2,0.40000000000000013,-0.8000000000000003,1
14,2,5,-1.3999999999999995,-2,0.19999999999999996,-0.8,2
25,11,2,-0.40000000000000036,6,0.7999999999999999,0.6000000000000001,2
22,21,4,0.39999999999999947,1,0.6,-0.3999999999999999,1
20,10,9,0.7999999999999998,-2,0.4,-1.2,1
13,0,3,-0.7999999999999998,4,0.0,-0.4,2
7,26,6,-0.20000000000000018,9,0.19999999999999996,-0.7999999999999999,1
15,28,-5,1.7999999999999998,2,0.19999999999999996,0.40000000000000013,0
10,3,11,4.8,-7,1.6,0.6,1
28,24,-2,0.7999999999999998,-4,-0.6000000000000001,-0.19999999999999996,1
2,15,1,2.8,-3,0.19999999999999996,0.19999999999999996,1
20,0,10,0.8000000000000003,-5,0.3999999999999999,-1.0,2
23,14,-4,0.6000000000000005,10,0.5999999999999999,0.19999999999999996,1
7,6,11,3.2,-7,1.2,0.4,1
3,10,-4,-3.4,9,-0.6,-1.6,2
28,0,2,1.8000000000000003,-3,0.40000000000000013,0.19999999999999996,1
6,7,-2,-2.8,10,-1.0,-2.0,0
15,27,7,7.6,-11,2.4,2.0,2
11,28,-2,-1.1999999999999997,10,-0.6000000000000001,-1.0,0
24,22,3,2.8,-1,1.2000000000000002,0.8,1
26,23,11,2.0,-7,0.7999999999999998,-1.0,0
14,0,4,1.2000000000000002,-4,0.40000000000000013,-0.19999999999999996,0
2,7,6,4.800000000000001,-6,1.2000000000000002,0.0,1
10,20,9,1.4,-5,0.6000000000000001,-1.6,2
21,17,7,3.2,-5,1.0,1.6,0
22,10,1,0.7999999999999998,6,0.19999999999999996,-0.4,1
27,14,-7,-3.6,15,-0.8,-1.2,0
28,26,4,2.6000000000000005,-1,1.0,0.3999999999999999,1
23,2,-7,-0.6000000000000005,8,-0.6000000000000001,0.40000000000000013,0
0,11,2,0.40000000000000036,-6,0.40000000000000013,0.0,1
7,21,7,0.0,-4,0.7999999999999999,-0.9999999999999999,1
17,24,-6,-3.2,9,-1.8,-1.6,2
20,15,5,0.0,-4,-0.3999999999999999,-1.6,0
11,27,3,0.3999999999999999,-5,-0.19999999999999996,0.6,0
14,20,1,0.8000000000000007,-4,-0.20000000000000018,-0.8,2
22,17,9,4.2,-5,1.2,0.6,2
24,7,5,3.0,-1,0.20000000000000018,-0.19999999999999996,0
15,10,0,4.6,2,1.5999999999999999,1.0,2
2,28,4,1.4000000000000004,1,1.0,0.0,2
26,0,3,2.5999999999999996,-2,0.40000000000000013,0.0,0
21,23,3,-2.4000000000000004,4,-0.8,-0.7999999999999998,1
20,11,-11,-1.2999999999999998,10,-1.1,0.9,1
7,17,3,2.7,-2,1.0,-3.0,1
15,22,9,2.7,-18,1.7000000000000002,0.10000000000000009,1
28,21,-3,3.2,-7,-0.19999999999999996,-0.3999999999999999,0
2,0,-3,0.20000000000000018,-2,-0.6000000000000001,-0.19999999999999996,2
27,26,-6,-3.6,10,-1.2,-1.0,2
23,24,-2,1.2000000000000002,-5,0.3999999999999999,0.6,0
14,15,4,2.5999999999999996,1,0.6000000000000001,0.6000000000000001,1
11,10,3,2.6,-1,0.0,-0.3999999999999999,1
26,20,6,4.4,-9,1.6,1.4,0
17,23,-5,-2.8,13,-2.2,-2.6,0
24,28,-4,-1.6,6,-0.6000000000000001,0.0,2
2,27,7,5.8,-18,1.4,1.2,1
21,0,-7,-2.4000000000000004,8,-1.6,-0.19999999999999996,0
22,7,0,-0.5,2,-0.5,0.0,0
27,21,-6,-1.7999999999999998,8,-1.0,-0.3999999999999999,2
28,17,3,2.9000000000000004,-15,-0.6,-3.7,1
10,26,1,0.8000000000000003,2,0.3999999999999999,-0.19999999999999996,1
14,22,9,2.3,-17,1.0,0.10000000000000009,2
23,7,3,1.1000000000000005,-10,-0.5,-1.3000000000000003,0
0,24,-3,0.0,-8,0.0,1.4,1
15,11,3,3.8000000000000003,-8,2.2,1.0,1
21,20,3,1.7999999999999998,-7,-0.09999999999999998,0.30000000000000004,0
22,23,-6,0.09999999999999964,11,-0.8999999999999999,0.10000000000000009,2
24,27,4,3.6,-8,1.0,-1.6,2
7,28,-5,0.0,12,0.7,0.8,1
2,10,9,3.4000000000000004,-7,1.0,-1.0,1
11,14,-2,-0.7999999999999998,7,-0.8,-0.19999999999999996,1
17,0,-9,-3.2,17,-1.5,-0.8999999999999999,2
26,15,0,2.3999999999999995,11,0.40000000000000013,0.0,0
20,24,-4,-0.7999999999999998,5,-0.5,0.0,1
11,22,3,1.4000000000000004,-11,0.3999999999999999,-0.19999999999999996,1
28,23,-4,0.0,-1,-1.4000000000000001,-1.4,0
10,21,1,-0.40000000000000036,-2,0.3999999999999999,-0.7999999999999999,2
15,2,6,3.1999999999999997,-2,1.4000000000000001,0.20000000000000018,2
14,26,4,2.6,-9,0.7999999999999999,1.0,1
27,17,0,2.0,-1,-0.5,-3.2,1
0,7,7,1.2999999999999998,-13,0.10000000000000009,-1.0000000000000002,1
24,10,3,1.0,2,0.0,-1.0000000000000002,1
7,27,6,2.9000000000000004,-3,1.9,0.10000000000000009,1
17,20,-1,0.2999999999999998,3,0.0,0.7,0
21,15,-5,-0.3999999999999999,8,-1.2,-0.3999999999999999,0
22,28,-9,1.2999999999999998,14,-0.5,1.0999999999999999,1
2,14,1,2.4000000000000004,1,0.40000000000000013,-0.5999999999999999,0
26,11,0,2.2,4,0.6000000000000001,0.19999999999999996,0
23,0,-7,-0.1999999999999993,2,-0.6000000000000001,0.40000000000000013,2
10,17,8,1.4000000000000004,-9,0.3999999999999999,-3.2,0
20,7,5,0.3999999999999999,2,-0.19999999999999996,-1.2,0
11,2,3,1.5999999999999996,3,0.5999999999999999,-0.19999999999999996,0
14,21,1,1.3999999999999995,-7,0.6000000000000001,0.8,0
15,24,4,2.4,-12,1.0,0.40000000000000013,1
0,28,2,-0.40000000000000036,-2,0.40000000000000013,0.0,0
26,22,0,0.7999999999999998,-8,0.6000000000000001,-0.8000000000000003,0
27,23,-8,0.10000000000000053,13,-1.4,0.5,2
21,11,-3,-0.7999999999999998,2,-0.9999999999999999,-0.3999999999999999,1
7,10,8,-0.20000000000000018,4,0.5999999999999999,-1.0,0
22,0,-9,1.5,16,-0.7000000000000002,0.8,1
2,26,4,5.0,-6,1.6,0.0,2
23,20,0,1.9999999999999998,-12,0.8,1.2,0
17,15,-5,-1.7999999999999998,20,-1.2,-0.3999999999999999,1
24,14,-1,-1.0,11,-0.6000000000000001,-0.6000000000000001,2
28,27,3,2.0,-16,0.8999999999999999,-0.7000000000000001,1
26,21,-5,0.40000000000000036,2,-0.3999999999999999,0.6,1
15,7,6,1.5999999999999996,-15,0.6000000000000001,0.40000000000000013,0
27,0,-7,1.0,18,-0.3999999999999999,0.9,0
2,22,0,2.0,-13,1.0000000000000002,-0.19999999999999996,1
20,28,3,0.19999999999999973,13,0.0,-0.5999999999999999,0
11,24,9,0.0,-6,1.2,-1.0,2
10,23,-3,1.6,5,0.19999999999999996,0.5999999999999999,1
14,17,9,2.3999999999999995,-19,0.20000000000000018,-2.8,1
17,11,2,-1.6,14,-0.9999999999999999,-1.4,1
0,20,5,2.4000000000000004,-13,1.2,0.6000000000000001,1
24,26,0,1.8000000000000003,4,0.0,-0.3999999999999999,1
21,2,-4,-0.5999999999999996,5,-0.6000000000000001,0.20000000000000007,0
28,10,7,0.5999999999999996,-6,0.8,-2.0,0
7,14,0,-0.20000000000000018,14,0.19999999999999996,0.3999999999999999,2
22,27,4,2.8,-3,1.2,-0.40000000000000013,1
23,15,-1,-1.4000000000000004,4,0.0,0.19999999999999996,1
2,24,6,1.0,-8,0.8000000000000003,-0.6000000000000001,0
26,17,6,2.0,-11,-0.40000000000000013,-2.5999999999999996,1
21,22,3,-1.4,-8,0.19999999999999996,-1.6,1
11,7,6,0.19999999999999973,-8,1.0,0.19999999999999996,2
20,27,5,0.9999999999999998,-3,0.8,-0.8,2
14,23,2,2.0,-5,0.6000000000000001,0.0,0
10,0,0,2.1999999999999997,8,0.19999999999999996,0.6,2
15,28,5,1.5999999999999996,-3,0.6000000000000001,0.0,1
17,2,-3,-0.40000000000000036,17,-0.6000000000000001,0.19999999999999996,2
24,21,-2,-0.20000000000000018,5,-0.19999999999999996,-0.19999999999999996,0
7,26,4,-0.20000000000000018,6,1.0,0.19999999999999996,1
22,20,6,2.3999999999999995,-2,1.2,0.20000000000000007,1
0,15,8,0.6000000000000001,1,0.5999999999999999,-1.4000000000000001,0
28,14,-1,1.5999999999999996,4,0.40000000000000013,-0.4,0
27,10,2,0.0,8,0.6,-0.3999999999999999,1
23,11,5,-0.6000000000000005,-3,0.8,-1.4,1
20,10,6,-1.2000000000000002,6,0.6,-1.0,0
7,2,-1,-1.8000000000000003,10,-0.19999999999999996,0.8,0
22,24,8,0.0,4,-0.20000000000000018,-1.4,2
28,11,8,0.0,-4,1.2,-1.7999999999999998,1
23,26,5,-0.20000000000000018,-2,0.7999999999999999,-0.6,1
27,15,4,0.5999999999999996,17,0.7999999999999999,-0.40000000000000013,2
0,14,3,0.3999999999999999,2,0.40000000000000013,-0.6,2
17,21,-1,0.20000000000000018,14,-0.5999999999999999,-0.6,2
20,2,-3,-1.5999999999999996,14,-0.19999999999999996,0.6000000000000001,2
10,14,-4,0.6000000000000005,10,-0.20000000000000018,0.5999999999999999,1
24,17,6,0.8000000000000003,-11,-0.3999999999999999,-2.1999999999999997,1
15,20,7,1.6000000000000005,-16,1.6,1.0,2
11,0,-3,0.3999999999999999,7,0.0,0.8,1
2,23,0,3.1999999999999997,-3,1.2000000000000002,0.8,0
14,27,2,2.8000000000000003,-18,0.6,-0.19999999999999996,1
21,7,3,1.7999999999999998,-7,0.6000000000000001,-0.20000000000000007,2
10,22,3,-0.20000000000000018,-4,0.3999999999999999,-0.8000000000000003,0
26,28,7,1.0,4,0.19999999999999996,-1.2000000000000002,2
10,15,3,1.1999999999999997,8,1.0,-0.40000000000000013,0
23,21,2,1.9999999999999996,-1,0.40000000000000013,-0.6,0
27,11,6,-0.5999999999999996,9,0.6,-1.2,2
17,22,5,0.20000000000000018,6,-0.19999999999999996,-2.0,1
7,24,1,-2.0,6,-1.0,-0.6000000000000001,0
28,2,0,1.3999999999999995,2,1.0,0.39999999999999997,2
0,26,5,-0.6000000000000005,-7,0.6,-0.5999999999999999,2
20,14,-7,-2.5999999999999996,15,-0.7999999999999999,0.4,2
24,23,4,1.4,3,0.5999999999999999,-0.6,1
17,7,1,2.0,6,0.19999999999999996,-0.19999999999999996,2
21,28,3,0.7999999999999998,3,0.40000000000000013,-0.8,0
26,27,5,2.8000000000000003,-9,0.7999999999999999,-0.8,2
22,15,7,-0.3999999999999999,12,0.9999999999999999,-0.7999999999999999,0
14,10,8,2.2,-10,1.4,-0.6,1
11,20,2,0.19999999999999973,-8,1.2000000000000002,1.0,1
0,2,-6,1.7999999999999998,1,0.0,0.8,1
10,11,5,-0.40000000000000036,4,0.19999999999999996,-1.7999999999999998,2
7,22,4,-1.4,-2,0.4,-0.40000000000000013,1
20,26,-4,-3.1999999999999997,7,-0.4,0.6000000000000001,0
28,24,0,0.20000000000000018,-4,-0.8000000000000003,-0.5999999999999999,1
0,21,1,1.4,-4,0.3999999999999999,0.0,1
27,2,-6,1.4000000000000004,16,-0.3999999999999999,0.5999999999999999,0
15,14,-3,-2.4000000000000004,1,-0.6000000000000001,0.8,0
23,17,10,2.8,-14,0.6000000000000001,-2.0,1
24,0,3,1.1999999999999997,5,-0.19999999999999996,-0.7999999999999999,0
11,15,1,-0.7999999999999998,5,-0.20000000000000007,-0.20000000000000018,0
17,28,0,1.1999999999999993,15,-0.3999999999999999,-0.7999999999999999,2
21,27,2,1.4,-9,0.40000000000000013,-1.2,1
2,20,2,0.7999999999999998,-13,1.4,1.0,1
7,23,3,-0.6000000000000001,7,0.4,-0.3999999999999999,0
26,10,4,2.5999999999999996,-1,1.0,0.3999999999999999,1
22,14,2,-2.5999999999999996,14,-0.20000000000000018,0.0,2
24,11,2,2.8,-2,0.5,-0.7,2
28,20,7,5.7,-10,2.0,-0.8,1
21,26,-1,-0.7000000000000002,-3,0.8,0.2,2
7,15,4,1.0,-3,0.0,-2.0,2
22,2,-5,-2.8,14,-2.0,0.5,0
17,14,-1,-2.0,9,1.0,1.0,2
0,27,7,0.20000000000000018,-7,1.5,-1.2,1
23,10,6,2.0,-7,0.19999999999999996,-0.8,1
11,17,2,-0.5,-7,-0.19999999999999996,-1.2,1
20,0,4,-0.2999999999999998,8,1.0,0.19999999999999996,2
10,28,0,-1.2000000000000002,10,0.19999999999999996,0.19999999999999996,0
2,21,4,2.7,-7,1.3,-0.5,1
27,22,2,-1.2999999999999998,-1,0.0,-0.7000000000000002,0
14,7,0,4.3,-3,0.0,-0.30000000000000004,1
26,24,-1,-3.2,-2,-0.19999999999999996,0.5,2
15,23,6,2.8,2,0.30000000000000004,-0.8,2
27,20,4,2.0,1,0.7,-0.19999999999999996,2
24,2,0,-0.7999999999999998,5,-0.10000000000000009,0.0,0
0,10,7,1.2000000000000002,-7,1.2000000000000002,0.19999999999999996,2
28,15,7,3.2,-4,1.0,-0.5,1
22,21,-1,1.2000000000000002,3,-0.2,0.10000000000000009,1
23,14,5,-0.7999999999999998,-1,0.5,0.5,0
17,26,-5,-0.2999999999999998,4,0.19999999999999996,1.1,0
7,11,-3,0.9000000000000004,4,-1.2,-0.30000000000000004,1
20,22,3,-0.5999999999999996,-2,-0.19999999999999996,-1.2,2
15,0,3,1.2999999999999998,5,0.8999999999999999,0.8999999999999999,0
21,24,0,-2.5,6,0.0,-1.1,1
11,23,1,-0.7000000000000002,5,-0.7,-0.6000000000000001,1
2,17,9,3.8,-12,1.2,-1.5,1
14,28,4,1.2000000000000002,3,0.8,-0.19999999999999996,1
10,27,4,1.2999999999999998,-5,0.0,-1.7000000000000002,1
26,7,-5,-0.5,5,-0.8,1.0999999999999999,2
21,10,1,-0.7000000000000002,3,0.0,-0.5,2
28,0,8,1.2000000000000002,-4,1.3,0.09999999999999998,1
15,22,3,1.0,-3,-0.19999999999999996,-0.8,0
2,7,4,2.8,-4,1.4,-0.8,1
11,27,8,0.7999999999999998,-9,0.19999999999999996,-1.7000000000000002,0
26,20,-3,1.3,-1,0.0,1.0000000000000002,1
14,23,7,3.8,-1,0.40000000000000013,-0.6,0
24,17,7,2.6,-5,0.9,-1.6,2
27,21,2,0.6000000000000001,3,0.4,0.19999999999999996,0
24,11,0,1.7999999999999998,5,0.19999999999999996,0.0,2
10,15,4,3.8,-3,0.19999999999999996,-0.3999999999999999,1
23,28,9,-0.40000000000000036,2,0.3999999999999999,-0.6,2
22,26,-5,0.10000000000000009,4,-0.30000000000000004,0.6,1
7,14,-1,-2.0,4,0.0,0.5,2
17,20,1,2.0,1,0.6,-0.19999999999999996,2
0,2,3,-0.7999999999999998,5,0.19999999999999996,0.3999999999999999,1
20,22,-1,1.0,3,-0.19999999999999996,-0.40000000000000013,1
21,24,3,-1.6,1,0.0,-0.8,1
26,10,-6,-1.1999999999999997,8,-0.3999999999999999,1.0,1
14,0,6,1.7999999999999998,-6,1.6,0.0,1
11,17,6,0.6000000000000001,-11,0.19999999999999996,-1.7999999999999998,2
23,7,3,0.0,-2,-0.6000000000000001,-0.7999999999999999,1
15,27,7,0.40000000000000036,-3,0.19999999999999996,-1.0,0
2,28,8,0.6000000000000005,1,2.0,-0.6,1
17,22,-2,-0.3999999999999999,4,-0.19999999999999996,0.3999999999999999,2
11,21,6,1.2000000000000002,-6,0.6,-0.19999999999999996,0
24,15,1,1.8000000000000003,1,-0.19999999999999996,-0.19999999999999996,2
0,7,6,-0.40000000000000036,-2,0.6000000000000001,-0.19999999999999996,2
27,26,-6,-1.6000000000000005,5,-0.39999999999999997,0.0,1
28,14,4,0.40000000000000036,2,1.2000000000000002,0.2,0
10,20,3,4.0,-6,0.8,0.19999999999999996,2
2,23,10,2.2,-2,1.1999999999999997,-1.4000000000000001,0
20,27,5,2.6,-6,0.19999999999999996,-0.40000000000000013,1
26,24,2,-1.2000000000000002,-2,0.4,0.20000000000000018,0
15,11,-3,-0.7999999999999998,5,-0.5999999999999999,0.0,0
23,0,6,0.0,-5,0.6,-0.6,2
22,10,-2,1.3999999999999995,3,0.19999999999999996,0.4,1
14,2,7,0.20000000000000018,-1,0.6000000000000001,-0.19999999999999996,1
21,17,1,-0.3999999999999999,-3,-0.4,-1.2,1
7,28,0,-1.8000000000000003,7,-0.19999999999999996,-0.3999999999999999,2
27,22,-3,-0.7999999999999998,7,-0.4,0.0,0
24,20,-8,2.0,7,0.0,1.5999999999999999,2
11,26,1,0.7999999999999998,-7,0.19999999999999996,-0.3999999999999999,1
0,28,0,-1.4000000000000004,5,0.40000000000000013,0.6000000000000001,1
17,10,-5,-1.1999999999999997,7,-0.39999999999999997,0.6000000000000001,2
23,14,-2,-1.6,6,-0.20000000000000007,0.6000000000000001,2
21,15,3,1.2000000000000002,-1,-0.40000000000000013,-0.5999999999999999,2
7,2,1,-3.3999999999999995,7,-0.8,-0.19999999999999996,0
22,24,6,0.7999999999999998,-5,1.0,-1.2000000000000002,0
28,23,7,3.4000000000000004,-5,-0.20000000000000018,-1.2,2
10,27,6,4.199999999999999,-7,0.8,-0.20000000000000018,0
15,17,-2,1.7999999999999998,-6,-0.19999999999999996,-1.4000000000000001,1
2,0,6,2.6000000000000005,-4,1.9999999999999998,-0.6,1
20,11,0,0.1999999999999993,2,0.0,-0.19999999999999996,2
26,21,4,0.3999999999999999,1,0.6,0.0,1
14,7,7,0.0,-10,0.3999999999999999,-0.40000000000000013,1
17,27,-2,0.5999999999999996,1,-0.39999999999999997,0.40000000000000013,2
24,10,-8,-1.0,5,-0.4,1.5999999999999999,1
15,26,3,-0.7999999999999998,-4,0.20000000000000007,-1.4,2
11,22,0,0.0,-6,0.19999999999999996,0.0,1
28,2,7,0.6000000000000005,1,0.3999999999999999,-0.7999999999999999,0
0,14,-2,-1.2000000000000002,5,0.40000000000000013,1.2000000000000002,2
21,20,-3,2.9999999999999996,6,0.0,0.4,2
7,23,-4,0.19999999999999973,7,-1.0,0.0,0
20,15,-3,1.4000000000000004,-3,-0.8,0.0,0
7,0,1,0.0,5,0.20000000000000007,-0.19999999999999996,2
26,17,4,0.3999999999999999,-6,0.3999999999999999,-1.7999999999999998,0
14,28,7,0.0,-3,1.2000000000000002,0.0,1
27,24,1,-1.0,1,-0.20000000000000007,-0.4,1
22,21,9,2.1999999999999997,-2,1.6,-1.0,2
10,11,-2,2.8000000000000007,6,0.0,0.19999999999999996,1
23,2,1,-1.4000000000000004,5,-0.6,-0.40000000000000013,2
2,14,2,0.6000000000000005,1,1.4000000000000001,0.0,0
0,23,0,1.0,-2,-0.19999999999999996,0.40000000000000013,0
28,7,2,1.4000000000000004,-9,-0.20000000000000018,-1.0,1
22,19,10,4.2,-7,1.6,0.4,0
13,27,-6,-3.4,4,-1.2,-1.0,1
19,22,-5,-5.2,7,-0.4,-0.6,1
27,13,8,3.6,-4,1.0,0.8,1
